code	name_ar	name_fr	name_en	wilaya_code
2218	مولاي سليسن	MOULAY SLISSEN	MOULAY SLISSEN	22
1430	الرشايقة	RECHAIGA	RECHAIGA	14
906	الشريعة	CHREA	CHREA	9
1610	الابيار	EL BIAR	EL BIAR	16
1349	عين غرابة	AIN GHORABA	AIN GHORABA	13
1923	الرصفة	ROSFA	ROSFA	19
1903	بني عزيز	BENI-AZIZ	BENI-AZIZ	19
1502	عين الحمام	AIN-EL-HAMMAM	AIN-EL-HAMMAM	15
4325	عين التين	AIN TINE	AIN TINE	43
3802	برج بونعامة	BORDJ BOUNAAMA	BORDJ BOUNAAMA	38
629	شميني	CHEMINI	CHEMINI	6
1507	إيرجـــن	IRDJEN	IRDJEN	15
2202	تسالة	TESSALA	TESSALA	22
1520	إعــكورن	YAKOURENE	YAKOURENE	15
528	قصر بلزمة	KSAR BELLEZMA	KSAR BELLEZMA	5
3109	عين الترك	AIN TURK	AIN TURK	31
1025	عين الحجر	AIN EL HADJAR	AIN EL HADJAR	10
1727	بن يعقوب	BENYAGOUB	BENYAGOUB	17
806	لحمر	LAHMAR	LAHMAR	8
812	تبلبالة	TABELBALA	TABELBALA	8
2122	عين بوزيان	AIN BOUZIANE	AIN BOUZIANE	21
4105	أولاد إدريس	OULED DRISS	OULED DRISS	41
3301	إيليزي	ILLIZI	ILLIZI	33
4436	بلعاص	BELAAS	BELAAS	44
4605	بوزجار	BOUZEDJAR	BOUZEDJAR	46
1439	سرغين	SERGHINE	SERGHINE	14
1352	بني صميل	BENI SMIEL	BENI SMIEL	13
517	كيمل	KIMMEL	KIMMEL	5
4313	تيبرقنت	TIBERGUENT	TIBERGUENT	43
4837	مرجة سيدي عابد	MERDJA SIDI ABED	MERDJA SIDI ABED	48
1648	الدويرة	DOUIRA	DOUIRA	16
1519	إيلولة أومـــالو	ILLOULA OUMALOU	ILLOULA OUMALOU	15
4831	سوق الحد	SOUK EL HAD	SOUK EL HAD	48
524	سفيان	SEFIANE	SEFIANE	5
1026	جباحية	DJEBAHIA	DJEBAHIA	10
1809	الميلية	EL MILIA	EL MILIA	18
2013	عين السخونة	AIN SEKHOUNA	AIN SEKHOUNA	20
3810	العيون	LAYOUNE	LAYOUNE	38
126	السبع	SEBAA	SEBAA	1
323	الحويطة	EL HAOUAITA	EL HAOUAITA	3
919	بني تامو	BENI-TAMOU	BENI-TAMOU	9
425	عين فكرون	AIN FEKROUN	AIN FEKROUN	4
540	أولاد عوف	OULED AOUF	OULED AOUF	5
2620	الربعية	REBAIA	REBAIA	26
1620	الدار البيضاء	DAR EL BEIDA	DAR EL BEIDA	16
1943	بوقاعة	BOUGAA	BOUGAA	19
4827	الرمكة	RAMKA	RAMKA	48
913	صوحان	SOUHANE	SOUHANE	9
1907	ذراع قبيلة	DRAA-KEBILA	DRAA-KEBILA	19
4838	أولاد سيدي الميهوب	OULED SIDI MIHOUB	OULED SIDI MIHOUB	48
3916	سيدي عون	SIDI AOUN	SIDI AOUN	39
1941	قنزات	GUENZET	GUENZET	19
2926	سيق	SIG	SIG	29
1334	سيدي العبدلي	SIDI ABDELLI	SIDI ABDELLI	13
404	بحير الشرقي	BEHIR CHERGUI	BEHIR CHERGUI	4
4621	الحساسنة	HASSASNA	HASSASNA	46
536	الشمرة	CHEMORA	CHEMORA	5
2920	خلوية	KHALOUIA	KHALOUIA	29
1211	الكويف	EL KOUIF	EL KOUIF	12
2248	بئر الحمام	BIR EL HAMMAM	BIR EL HAMMAM	22
4219	أحمر العين	AHMER EL AIN	AHMER EL AIN	42
543	الجزار	DJEZZAR	DJEZZAR	5
4212	الشعيبة	CHAIBA	CHAIBA	42
3808	سيدي العنتري	SIDI LANTRI	SIDI LANTRI	38
4602	شعبة اللحم	CHAABAT EL HAM	CHAABAT EL HAM	46
4301	ميلة	MILA	MILA	43
3116	بوسفر	BOUSFER	BOUSFER	31
3924	تندلة	TENEDLA	TENEDLA	39
1929	بيضاء برج	BEIDHA BORDJ	BEIDHA BORDJ	19
3303	دبداب	DEBDEB	DEBDEB	33
3113	سيدي الشحمي	SIDI CHAMI	SIDI CHAMI	31
4512	البيوض	El BIODH	El BIODH	45
3804	الأزهرية	LAZHARIA	LAZHARIA	38
1325	عين النحالة	AIN NEHALA	AIN NEHALA	13
635	بني كسيلة	BENI K'SILA	BENI K'SILA	6
1024	زبربر	Z'BARBAR (el isseri )	Z'BARBAR (el isseri )	10
2222	مرين	MERINE	MERINE	22
1803	العوانة	EL AOUANA	EL AOUANA	18
1955	ماوكلان	MAOUAKLANE	MAOUAKLANE	19
2512	ابن زياد	IBN ZIAD	IBN ZIAD	25
418	الزرق	ZORG	ZORG	4
505	سريانة	SERIANA	SERIANA	5
1314	عمير	AMIEUR	AMIEUR	13
1915	الدهامشة	DEHAMCHA	DEHAMCHA	19
2224	عين تندمين	AIN TINDAMINE	AIN TINDAMINE	22
2901	معسكر	MASCARA	MASCARA	29
315	الحاج مشري	HADJ MECHRI	HADJ MECHRI	3
4226	سيدي سميان	SIDI SEMIANE	SIDI SEMIANE	42
1561	أقني قغران	AGOUNI-GUEGHRANE	AGOUNI-GUEGHRANE	15
1041	عين العلوي	AIN LALOUI	AIN LALOUI	10
1435	حمادية	HAMADIA	HAMADIA	14
3105	السانية	ES SENIA	ES SENIA	31
1405	عين دزاريت	AIN DZARIT	AIN DZARIT	14
2506	الخروب	EL KHROUB	EL KHROUB	25
2809	شلال	CHELLAL	CHELLAL	28
553	أولاد سي سليمان	OULED SI SLIMANE	OULED SI SLIMANE	5
3427	العش	El euch	El euch	34
424	مسكيانة	MESKIANA	MESKIANA	4
4215	الداموس	DAMOUS	DAMOUS	42
1553	أغريب	AGHRIBS	AGHRIBS	15
2109	السبت	ES SEBT	ES SEBT	21
4205	بورقيقة	BOURKIKA	BOURKIKA	42
2412	بوحمدان	BOU HAMDANE	BOU HAMDANE	24
2127	عين قشرة	AIN KECHRA	AIN KECHRA	21
2634	الزبيرية	ZOUBIRIA	ZOUBIRIA	26
1806	الامير عبد القادر	EMIR ABDELKADER	EMIR ABDELKADER	18
3513	شعبة العامر	CHABET EL AMEUR	CHABET EL AMEUR	35
3219	المحرة	EL MEHARA	EL MEHARA	32
319	أفلو	AFLOU	AFLOU	3
1948	قلال	GUELLAL	GUELLAL	19
3504	برج منايل	BORDJ MENAIEL	BORDJ MENAIEL	35
715	زريبة الوادي	ZERIBET EL OUED	ZERIBET EL OUED	7
3210	بوقطب	BOUGTOUB	BOUGTOUB	32
1557	سوق الإثنين	SOUK-EL-TENINE	SOUK-EL-TENINE	15
3803	ثنية الاحد	THENIET EL HAD	THENIET EL HAD	38
4420	عين السلطان	AIN-SOLTANE	AIN-SOLTANE	44
1640	رغاية	REGHAIA	REGHAIA	16
2118	أولاد حبابة	OULED HABBABA	OULED HABBABA	21
921	بني مراد	BENI MERED	BENI MERED	9
3429	تسامرت	TASSAMERT	TASSAMERT	34
3417	أولاد أبراهم	OULED BRAHEM	OULED BRAHEM	34
4431	بطحية	BATHIA	BATHIA	44
109	تيميمون	TIMIMOUN	TIMIMOUN	1
2129	بين الويدان	BIN EL OUIDEN	BIN EL OUIDEN	21
915	اولاد سلامة	OULED SLAMA	OULED SLAMA	9
1722	سلمانة	SELMANA	SELMANA	17
1108	عين صالح	AIN SALAH	AIN SALAH	11
4707	العطف	EL ATTEUF	EL ATTEUF	47
4002	متوسة	M'TOUSSA	M'TOUSSA	40
1919	بوسلام	BOUSSELAM	BOUSSELAM	19
1911	الحامة	HAMMA	HAMMA	19
3701	تندوف	TINDOUF	TINDOUF	37
2917	البرج	EL BORDJ	EL BORDJ	29
3216	البنود	EL BNOUD	EL BNOUD	32
3016	تماسين	TEMACINE	TEMACINE	30
3527	بودواو البحري	BOUDOUAOU EL BAHRI	BOUDOUAOU EL BAHRI	35
3209	اربوات	ARBAOUAT	ARBAOUAT	32
901	البليدة	BLIDA	BLIDA	9
1530	أيت بومهدي	AIT BOUMAHDI	AIT BOUMAHDI	15
322	وادي مزي	OUED M'ZI	OUED M'ZI	3
2919	بنيان	BENIAN	BENIAN	29
4432	تاشتة زقاغة	TACHETA ZEGAGHA	TACHETA ZEGAGHA	44
2921	المنور	EL MENAOUER	EL MENAOUER	29
4704	بريان	BERRIANE	BERRIANE	47
2430	مجاز الصفاء	MEDJEZ SFA	MEDJEZ SFA	24
2912	غريس	GHRISS	GHRISS	29
541	بومقر	BOUMAGUEUR	BOUMAGUEUR	5
623	بني جليل	BENI DJELLIL	BENI DJELLIL	6
2907	الحشم	EL HACHEM	EL HACHEM	29
1651	اولاد فايت	OULED FAYET	OULED FAYET	16
4203	الأرهاط	LARHAT	LARHAT	42
2630	بن شكاو	BEN CHICAO	BEN CHICAO	26
2206	مزاورو	MEZAOUROU	MEZAOUROU	22
3925	العقلة	EL OGLA	EL OGLA	39
3221	سيدي سليمان	SIDI SLIMANE	SIDI SLIMANE	32
1208	الحمامات	HAMMAMET	HAMMAMET	12
3103	بئر الجير	BIR EL DJIR	BIR EL DJIR	31
3126	عين البية	AIN BIYA	AIN BIYA	31
548	وادي الطاقة	OUED TAGA	OUED TAGA	5
411	الضلعة	DHALAA	DHALAA	4
733	خنقة سيدي ناجي	KHENGUET SIDI NADJI	KHENGUET SIDI NADJI	7
2945	نسمط	NESMOT	NESMOT	29
521	تغرغار	TIGHARGHAR	TIGHARGHAR	5
3529	لقاطة	LEGHATA	LEGHATA	35
1212	مرسط	MORSOTT	MORSOTT	12
4122	الراقوبة	RAGOUBA	RAGOUBA	41
3913	حاسي خليفة	HASSI KHALIFA	HASSI KHALIFA	39
1335	سبدو	SEBDOU	SEBDOU	13
2010	الحساسنة	EL HASSASNA	EL HASSASNA	20
1819	بوسيف أولاد عسكر	BOUSSIF OULED ASKEUR	BOUSSIF OULED ASKEUR	18
1925	بلاعة	BELLAA	BELLAA	19
726	فوغالة	FOUGHALA	FOUGHALA	7
4108	تاورة	TAOURA	TAOURA	41
1215	العقلة المالحة	EL OGLA EL MALHA	EL OGLA EL MALHA	12
4314	بوحاتم	BOUHATEM	BOUHATEM	43
4706	القرارة	EL GUERRARA	EL GUERRARA	47
2655	سيدي الربيع	SIDI RABIE	SIDI RABIE	26
4609	عين الأربعاء	AIN EL ARBAA	AIN EL ARBAA	46
1736	تعظميت	TAADMIT	TAADMIT	17
1732	بنهار	BENHAR	BENHAR	17
4611	شنتوف	CHENTOUF	CHENTOUF	46
639	سيدي عيش	SIDI-AICH	SIDI-AICH	6
301	الأغواط	LAGHOUAT	LAGHOUAT	3
1635	اولاد شبل	OULED CHEBEL	OULED CHEBEL	16
1019	العجيبة	EL ADJIBA	EL ADJIBA	10
925	جبابرة	DJEBABRA	DJEBABRA	9
2204	مصطفى بن ابراهيم	MOSTEFA  BEN BRAHIM	MOSTEFA  BEN BRAHIM	22
218	أولاد عباس	OULED ABBES	OULED ABBES	2
2508	بني حميدان	BENI HAMIDANE	BENI HAMIDANE	25
1523	زكري	ZEKRI	ZEKRI	15
914	مفتاح	MEFTAH	MEFTAH	9
4330	عين البيضاء أحريش	AIN BEIDA HARRICHE	AIN BEIDA HARRICHE	43
1028	تاقديت	TAGUEDITE	TAGUEDITE	10
1427	فرندة	FRENDA	FRENDA	14
4218	بواسماعيل	BOU ISMAIL	BOU ISMAIL	42
1218	بوخضرة	BOUKHADRA	BOUKHADRA	12
4806	سيدي لزرق	SIDI LAZREG	SIDI LAZREG	48
2721	عين سيدي الشريف	AIN-SIDI CHERIF	AIN-SIDI CHERIF	27
2201	سيدي بلعباس	SIDI BEL-ABBES	SIDI BEL-ABBES	22
2610	بوعيش	BOUAICHE	BOUAICHE	26
1406	عين الذهب	AIN DEHEB	AIN DEHEB	14
1928	عين ولمان	AIN OULMENE	AIN OULMENE	19
4124	وادي الكبريت	OUED KEBRIT	OUED KEBRIT	41
1309	جبالة	DJEBALA	DJEBALA	13
4409	بوراشد	BOURACHED	BOURACHED	44
120	المطارفة	METARFA	METARFA	1
2307	الشرفة	CHEURFA	CHEURFA	23
1552	بني يني	BENI-YENNI	BENI-YENNI	15
1225	بولحاف الدير	BOULHAF DYR	BOULHAF DYR	12
1828	وجانة	OUDJANA	OUDJANA	18
2426	هيليوبوليس	HELIOPOLIS	HELIOPOLIS	24
1544	أقرو	AKERROU	AKERROU	15
4106	تيفاش	TIFFECH	TIFFECH	41
4711	حاسي الفحل	HASSI FEHAL	HASSI FEHAL	47
209	حرشون	HARCHOUN	HARCHOUN	2
3907	كوينين	KOUININE	KOUININE	39
2208	سيدي علي بوسيدي	SIDI ALI BOUSSIDI	SIDI ALI BOUSSIDI	22
3903	وادي العلندة	OUED EL ALENDA	OUED EL ALENDA	39
1721	قرنيني	GUERNINI	GUERNINI	17
1351	منصورة	MANSOURAH	MANSOURAH	13
1425	السبعين	SEBAINE	SEBAINE	14
4829	لحلاف	LAHLEF	LAHLEF	48
2409	الدهوارة	DAHOUARA	DAHOUARA	24
4832	دار بن عبد الله	DAR BEN ABDELAH	DAR BEN ABDELAH	48
1550	مقــلع	MEKLA	MEKLA	15
2937	بوهني	BOU HENNI	BOU HENNI	29
1537	أزفون	AZEFFOUN	AZEFFOUN	15
3521	أولاد عيسى	OULED AISSA	OULED AISSA	35
4504	تيوت	TIOUT	TIOUT	45
4102	سدراتة	SEDRATA	SEDRATA	41
533	وادي الماء	OUED EL MA	OUED EL MA	5
4812	زمورة	ZEMMOURA	ZEMMOURA	48
545	عين التوتة	AIN TOUTA	AIN TOUTA	5
3012	حاسي بن عبد الله	HASSI BEN ABDELLAH	HASSI BEN ABDELLAH	30
537	وادي الشعبة	OUED CHAABA	OUED CHAABA	5
516	أريس	ARRIS	ARRIS	5
1636	بئر توتة	BIR TOUTA	BIR TOUTA	16
809	مشرع هواري بومدين	MACHRAA-HOUARI-BOUMEDIENE	MACHRAA-HOUARI-BOUMEDIENE	8
3812	أولاد بسام	OULED BESSAM	OULED BESSAM	38
1433	وادي ليلي	OUED LILLI	OUED LILLI	14
308	تاجموت	TADJEMOUT	TADJEMOUT	3
1213	العقلة	EL OGLA	EL OGLA	12
231	بوزغاية	BOUZEGHAIA	BOUZEGHAIA	2
4608	تارقة	TERGA	TERGA	46
426	الرحية	RAHIA	RAHIA	4
1950	حمام قرقور	HAMMAM GUERGOUR	HAMMAM GUERGOUR	19
620	درقينة	DARGUINA	DARGUINA	6
2643	عوامري	OUAMRI	OUAMRI	26
2001	سعيدة	SAIDA	SAIDA	20
1022	أهل القصر	AHL EL KSAR	AHL EL KSAR	10
701	بسكرة	BISKRA	BISKRA	7
1953	بني وسين	BENI OUSSINE	BENI OUSSINE	19
1204	سطح قنطيس	STAH GUENTIS	STAH GUENTIS	12
4813	بني درقن	BENI DERGOUN	BENI DERGOUN	48
4123	خميسة	KHEMISSA	KHEMISSA	41
117	دلدول	DELDOUL	DELDOUL	1
725	مليلي	M'LILI	M'LILI	7
2720	سيرات	SIRAT	SIRAT	27
4610	تامزورة	TAMZOURA	TAMZOURA	46
4101	سوق أهراس	SOUK AHRAS	SOUK AHRAS	41
1102	ابلسة	ABELSA	ABELSA	11
1814	قاوس	KAOUS	KAOUS	18
2730	صفصاف	SAFSAF	SAFSAF	27
4404	خميس مليانة	KHEMIS-MILIANA	KHEMIS-MILIANA	44
3622	وادي الزيتون	OUED ZITOUN	OUED ZITOUN	36
1637	سيدي موسى	SIDI MOUSSA	SIDI MOUSSA	16
3702	أم العسل	OUM EL ASSEL	OUM EL ASSEL	37
428	أولاد قاسم	OULED GACEM	OULED GACEM	4
2828	أولاد منصور	OULED MANSOUR	OULED MANSOUR	28
2616	الحمدانية	EL HAMDANIA	EL HAMDANIA	26
1959	الولجة	EL-OULDJA	EL-OULDJA	19
4125	ترقالت	TERRAGUELT	TERRAGUELT	41
3123	مسرغين	MESSERGHIN	MESSERGHIN	31
1717	مسعد	MESSAAD	MESSAAD	17
4430	المخاطرية	MEKHATRIA	MEKHATRIA	44
4433	عين بويحيى	AIN-BOUYAHIA	AIN-BOUYAHIA	44
2402	نشماية	NECHMAYA	NECHMAYA	24
918	وادي جر	OUED  DJER	OUED  DJER	9
2644	سي المحجوب	SI MAHDJOUB	SI MAHDJOUB	26
1306	صبرة	SABRA	SABRA	13
1003	قرومة	GUERROUMA	GUERROUMA	10
118	سالي	SALI	SALI	1
2134	بوشطاطة	BOUCHETATA	BOUCHETATA	21
4104	المشروحة	MACHROHA	MACHROHA	41
4121	سافل الويدان	SAFEL EL OUIDEN	SAFEL EL OUIDEN	41
3202	رقاصة	ROGASSA	ROGASSA	32
1214	بئر الذهب	BIR DHEHEB	BIR DHEHEB	12
1708	بيرين	BIRINE	BIRINE	17
546	حيدوسة	HIDOUSSA	HIDOUSSA	5
317	تاويالة	TAOUIALA	TAOUIALA	3
1423	سيدي حسني	SIDI HOSNI	SIDI HOSNI	14
203	بنايرية	BENAIRIA	BENAIRIA	2
1644	زرالدة	ZERALDA	ZERALDA	16
4802	وادي رهيو	OUED-RHIOU	OUED-RHIOU	48
2701	مستغانم	MOSTAGANEM	MOSTAGANEM	27
1532	بني دوالة	BENI-DOUALA	BENI-DOUALA	15
559	بومية	BOUMIA	BOUMIA	5
1710	زكار	ZACCAR	ZACCAR	17
501	باتنة	BATNA	BATNA	5
2203	سيدي ابراهيم	SIDI BRAHIM	SIDI BRAHIM	22
128	تيمياوين	TIMIAOUINE	TIMIAOUINE	1
1556	أيت يحي موسى	AIT YAHIA MOUSSA	AIT YAHIA MOUSSA	15
730	مخادمة	MEKHADMA	MEKHADMA	7
2817	عين الحجل	AIN EL HADJEL	AIN EL HADJEL	28
4411	العبادية	EL-ABADIA	EL-ABADIA	44
2130	فلفلة	FILFILA	FILFILA	21
2624	بعطة	BAATA	BAATA	26
4407	جليدة	DJELIDA	DJELIDA	44
802	عرق فراج	ERG-FERRADJ	ERG-FERRADJ	8
2846	ولتام	OULTEME	OULTEME	28
547	ثنية العابد	TENIET EL ABED	TENIET EL ABED	5
2131	الشرايع	CHERAIA	CHERAIA	21
3904	البياضة	BAYADHA	BAYADHA	39
2607	العمارية	EL OMARIA	EL OMARIA	26
3618	الشط	ECHATT	ECHATT	36
415	عين الديس	AIN DISS	AIN DISS	4
215	الهرانفة	HERENFA	HERENFA	2
3510	زموري	ZEMMOURI	ZEMMOURI	35
103	شروين	CHAROUINE	CHAROUINE	1
3430	عين تسرة	AIN TESRA	AIN TESRA	34
535	بوزينة	BOUZINA	BOUZINA	5
224	الشطية	CHETTIA	CHETTIA	2
2646	بني سليمان	BENI SLIMANE	BENI SLIMANE	26
4019	يابوس	YABOUS	YABOUS	40
115	فنوغيل	FENOUGHIL	FENOUGHIL	1
3814	اليوسفية	YOUSSOUFIA	YOUSSOUFIA	38
3507	الناصرية	NACIRIA	NACIRIA	35
616	أمالو	AMALOU	AMALOU	6
414	الجازية	EL DJAZIA	EL DJAZIA	4
4625	ولهاصة الغرابة	OULHACA EL GHERABA	OULHACA EL GHERABA	46
1945	تاشودة	TACHOUDA	TACHOUDA	19
4415	واد الجمعة	OUED DJEMAA	OUED DJEMAA	44
2933	فراقيق	FERRAGUIG	FERRAGUIG	29
4012	جلال	DJELLAL	DJELLAL	40
3115	المرسى الكبير	MERS EL KEBIR	MERS EL KEBIR	31
1007	ديرة	DIRAH	DIRAH	10
2501	قسنطينة	CONSTANTINE	CONSTANTINE	25
1039	المعمورة	MAAMORA	MAAMORA	10
4618	عين الطلبة	AIN TOLBA	AIN TOLBA	46
4612	سيدي بن عدة	SIDI BEN ADDA	SIDI BEN ADDA	46
532	بني فضالة الحقانية	BENI FOUDHALA EL HAKANIA	BENI FOUDHALA EL HAKANIA	5
1432	تاقدمت	TAGDEMPT	TAGDEMPT	14
3619	زريزر	ZERIZER	ZERIZER	36
2133	الغدير	EL GHEDIR	EL GHEDIR	21
1821	أولاد يحيى خدروش	OULED YAHIA KHADROUCH	OULED YAHIA KHADROUCH	18
534	تالخمت	TALKHAMT	TALKHAMT	5
3409	برج الغدير	BORDJ GHEDIR	BORDJ GHEDIR	34
640	القصر	EL KSEUR	EL KSEUR	6
1529	معـــاتقة	MAATKAS	MAATKAS	15
1330	مسيردة الفواقة	M'SIRDA FOUAGA	M'SIRDA FOUAGA	13
1416	السوقر	SOUGUEUR	SOUGUEUR	14
1728	زعفران	ZAAFRANE	ZAAFRANE	17
1343	البويهي	BOUIHI	BOUIHI	13
3009	الزاوية العابدية	ZAOUIA EL ABIDIA	ZAOUIA EL ABIDIA	30
1032	ريدان	RIDANE	RIDANE	10
211	سيدي عكاشة	SIDI AKKACHA	SIDI AKKACHA	2
2236	سيدي دحو الزاير	SIDI DAHOU ZAIRS	SIDI DAHOU ZAIRS	22
1622	ابن عكنون	BEN AKNOUN	BEN AKNOUN	16
4223	سيدي راشد	SIDI RACHED	SIDI RACHED	42
1906	عين الروى	AIN-ROUA	AIN-ROUA	19
4708	زلفانة	ZELFANA	ZELFANA	47
1826	برج الطهر	BORDJ T'HAR	BORDJ T'HAR	18
920	بوعرفة	BOUARFA	BOUARFA	9
4214	شرشال	CHERCHELL	CHERCHELL	42
1321	العزايل	AZAIL	AZAIL	13
606	تامقرة	TAMOKRA	TAMOKRA	6
4622	عين الكيحل	AIN KIHAL	AIN KIHAL	46
729	بوشقرون	BOUCHAKROUN	BOUCHAKROUN	7
2244	تغاليمت	TEGHALIMET	TEGHALIMET	22
1438	سيدي عبد الرحمن	SIDI ABDERRAHMANE	SIDI ABDERRAHMANE	14
3910	تغزوت	TAGHZOUT	TAGHZOUT	39
4823	القلعة	KALAA	KALAA	48
3122	سيدي بن يبقى	SIDI BEN YEBKA	SIDI BEN YEBKA	31
2723	منصورة	MANSOURAH	MANSOURAH	27
2631	سيدي دامد	SIDI DEMED	SIDI DEMED	26
309	الخنق	KHENEG	KHENEG	3
4418	الحسانية	HASSANIA	HASSANIA	44
3408	عين تاغروت	AIN TAGHROUT	AIN TAGHROUT	34
232	عين مران	AIN MERANE	AIN MERANE	2
4206	خميستي	KHEMISTI	KHEMISTI	42
1546	بني زيكــي	BENI-ZIKKI	BENI-ZIKKI	15
2108	بن عزوز	BEN AZZOUZ	BEN AZZOUZ	21
2241	سيدي حمادوش	SIDI HAMADOUCHE	SIDI HAMADOUCHE	22
3926	اميه وانسة	MIH OUANSA	MIH OUANSA	39
1315	عين يوسف	AIN YOUCEF	AIN YOUCEF	13
1442	تيدة	TIDDA	TIDDA	14
4220	بوهارون	BOU HAROUN	BOU HAROUN	42
1501	تيزي وزو	TIZI-OUZOU	TIZI-OUZOU	15
1027	أغبالو	AGHBALOU	AGHBALOU	10
4020	خيران	KHIRANE	KHIRANE	40
313	بريدة	BRIDA	BRIDA	3
1220	الماء الابيض	EL MALABIOD	EL MALABIOD	12
2223	راس الماء	RAS EL MA	RAS EL MA	22
227	الحجاج	EL HADJADJ	EL HADJADJ	2
638	بني مليكش	BENI-MALLIKECHE	BENI-MALLIKECHE	6
230	أولاد بن عبد القادر	OULED BEN ABDELKADER	OULED BEN ABDELKADER	2
1407	سيدي بختي	SIDI BAKHTI	SIDI BAKHTI	14
2807	خبانة	KHOUBANA	KHOUBANA	28
2420	الفجوج	EL FEDJOUDJ	EL FEDJOUDJ	24
2627	أولاد بوعشرة	OULED BOUACHRA	OULED BOUACHRA	26
3606	عين العسل	AIN EL ASSEL	AIN EL ASSEL	36
4324	حمالة	HAMALA	HAMALA	43
2609	القلب الكبير	EL GUELBELKEBIR	EL GUELBELKEBIR	26
2705	عين نويسي	AIN-NOUISSY	AIN-NOUISSY	27
2007	هونت	HOUNET	HOUNET	20
2124	بني بشير	BENI BECHIR	BENI BECHIR	21
102	تامست	TAMEST	TAMEST	1
724	أورلال	OURLAL	OURLAL	7
542	بريكة	BARIKA	BARIKA	5
604	تاوريرت إغيل	TAOURIT IGHIL	TAOURIT IGHIL	6
807	بني عباس	BENI-ABBES	BENI-ABBES	8
3423	أولاد سيدي ابراهيم	OULED SIDI-BRAHIM	OULED SIDI-BRAHIM	34
2404	وادي الزناتي	OUED ZENATI	OUED ZENATI	24
718	عين زعطوط	AIN ZAATOUT	AIN ZAATOUT	7
2002	دوي ثابت	DOUI THABET	DOUI THABET	20
1703	القديد	EL GUEDID	EL GUEDID	17
2422	حمام النبايل	HAMMAM N'BAIL	HAMMAM N'BAIL	24
2715	نكمارية	NEKMARIA	NEKMARIA	27
2732	الحسيان (بني ياحي	HASSIANE	HASSIANE	27
1226	بجن	BEDJENE	BEDJENE	12
1725	دار الشيوخ	DAR CHIOUKH	DAR CHIOUKH	17
3431	بئر قاصد علي	BIR KASDALI	BIR KASDALI	34
1012	حيزر	HAIZER	HAIZER	10
2613	تيزي مهدي	TIZI MAHDI	TIZI MAHDI	26
1639	هراوة	HERRAOUA	HERRAOUA	16
1347	بوحلو	BOUHLOU	BOUHLOU	13
2713	بن عبد المالك رمضان	BENABDELMALEK RAMDANE	BENABDELMALEK RAMDANE	27
235	بني بوعتاب	BENI  BOUATTAB	BENI  BOUATTAB	2
2918	عين فكان	AIN FEKAN	AIN FEKAN	29
1337	سيدي مجاهد	SIDI MEDJAHED	SIDI MEDJAHED	13
3203	ستيتن	STITTEN	STITTEN	32
1023	بودربالة	BOUDERBALA	BOUDERBALA	10
1217	بكارية	BEKKARIA	BEKKARIA	12
2135	الولجة بولبلوط	OULDJA BOULBALOUT	OULDJA BOULBALOUT	21
523	فسديس	FESDIS	FESDIS	5
2663	خمس جوامع	KHAMS DJOUAMAA	KHAMS DJOUAMAA	26
4826	وادي الجمعة	OUED EL DJEMAA	OUED EL DJEMAA	48
4115	مداوروش	M'DAOUROUCHE	M'DAOUROUCHE	41
3609	السوارخ	SOUAREKH	SOUAREKH	36
2617	الكاف الاخضر	KEF LAKHDAR	KEF LAKHDAR	26
4705	متليلي	METLILI	METLILI	47
1646	المعالمة	MAALMA	MAALMA	16
4712	حاسي القارة	HASSI GARA	HASSI GARA	47
3511	سي مصطفى	SI MUSTAPHA	SI MUSTAPHA	35
2136	خناق مايو	KHENAG MAOUNE	KHENAG MAOUNE	21
2411	بن جراح	BENDJARAH	BENDJARAH	24
647	أيت إسماعيل	AIT-SMAIL	AIT-SMAIL	6
4627	الأمير عبد القادر	EMIR ABDELKADER	EMIR ABDELKADER	46
2621	بوشراحيل	BOUCHRAHIL	BOUCHRAHIL	26
1528	أيت محمود	AIT-MAHMOUD	AIT-MAHMOUD	15
4818	سيدي امحمد بن عودة	SIDI M'HAMED BENAOUDA	SIDI M'HAMED BENAOUDA	48
3611	بحيرة الطيور	LAC DES OISEAUX	LAC DES OISEAUX	36
1223	عين الزرقاء	AIN ZERGA	AIN ZERGA	12
2656	بئر بن عابد	BIR BEN LAABED	BIR BEN LAABED	26
101	أدرار	ADRAR	ADRAR	1
222	أبو الحسن	ABOU EL HASSANE	ABOU EL HASSANE	2
646	تامريجت	TAMRIDJET	TAMRIDJET	6
3503	أعفير	AFIR	AFIR	35
3906	قمار	GUEMAR	GUEMAR	39
3815	سيدي بوتوشنت	SIDI BOUTOUCHENT	SIDI BOUTOUCHENT	38
3406	بن داود	BEN DAOUD	BEN DAOUD	34
1107	تين زواتين	TIN ZOUATINE	TIN ZOUATINE	11
2114	وادي الزهور	OUED ZHOUR	OUED ZHOUR	21
116	تنركوك	TINERKOUK	TINERKOUK	1
2662	مجبر	MEDJEBAR	MEDJEBAR	26
1313	أولاد ميمون	OULED MIMOUN	OULED MIMOUN	13
1807	الشقفة	CHEKFA	CHEKFA	18
2806	المطارفة	M'TARFA	M'TARFA	28
910	بن خليل	BENKHELIL	BENKHELIL	9
3013	تقرت	TOUGGOURT	TOUGGOURT	30
226	مصدق	MOUSSADEK	MOUSSADEK	2
3911	الدبيلة	DEBILA	DEBILA	39
1920	العلمة	EL EULMA	EL EULMA	19
4626	سيدي ورياش	SIDI OURIACHE	SIDI OURIACHE	46
3412	بليمور	BELIMOUR	BELIMOUR	34
1312	عين فزة	AIN FEZZA	AIN FEZZA	13
1415	مهدية	MAHDIA	MAHDIA	14
2654	ذراع السمار	DRAA ESMAR	DRAA ESMAR	26
2126	تمالوس	TAMALOUS	TAMALOUS	21
1617	حسين داي	HUSSEIN DEY	HUSSEIN DEY	16
1503	اقبيل	AKBIL	AKBIL	15
4408	العامرة	EL-AMRA	EL-AMRA	44
3008	النزلة	NEZLA	NEZLA	30
3125	عين الكرمة	AIN KERMA	AIN KERMA	31
1824	تاكسنة	TEXENNA	TEXENNA	18
2606	أولاد دايد	OULED DEID	OULED DEID	26
2407	عين صندل	AIN SANDEL	AIN SANDEL	24
4207	أغبال	AGHBAL	AGHBAL	42
907	العفرون	EL-AFFROUN	EL-AFFROUN	9
1518	عزازقة	AZAZGA	AZAZGA	15
3501	بومرداس	BOUMERDES	BOUMERDES	35
208	الصبحة	SOBHA	SOBHA	2
2004	أولاد خالد	OULED KHALED	OULED KHALED	20
3212	الكاف الأحمر	KEF EL AHMAR	KEF EL AHMAR	32
3621	عين الكرمة	AIN KERMA	AIN KERMA	36
3532	الخروبة	EL KHARROUBA	EL KHARROUBA	35
2724	السوافلية	SOUAFLIA	SOUAFLIA	27
2120	مجاز الدشيش	EMJEZ EDCHICH	EMJEZ EDCHICH	21
212	بوقادير	BOUKADIR	BOUKADIR	2
2810	أولاد ماضي	OULED MADHI	OULED MADHI	28
4017	المحمل	EL MAHMAL	EL MAHMAL	40
1813	سيدي عبد العزيز	SIDI ABDELAZIZ	SIDI ABDELAZIZ	18
1718	قطارة	GUETTARA	GUETTARA	17
2423	عين العربي	AIN LARBI	AIN LARBI	24
1566	أسي يوسف	ASSI-YOUCEF	ASSI-YOUCEF	15
1902	عين الكبيرة	AIN EL KEBIRA	AIN EL KEBIRA	19
2717	عشعاشة	ACHAACHA	ACHAACHA	27
527	لمسان	LEMCENE	LEMCENE	5
1009	تاغزوت	TAGHZOUT	TAGHZOUT	10
1623	دالي ابراهيم	DELY IBRAHIM	DELY IBRAHIM	16
4302	فرجيوة	FERDJIOUA	FERDJIOUA	43
4623	بني صاف	BENI SAF	BENI SAF	46
3416	الماين	EL MAIN	EL MAIN	34
4506	مغرار	MOGHRAR	MOGHRAR	45
4304	وادي العثمانية	OUED ATHMENIA	OUED ATHMENIA	43
3505	بغلية	BAGHLIA	BAGHLIA	35
1621	باب الزوار	BAB EZZOUAR	BAB EZZOUAR	16
3422	القصور	KSOUR	KSOUR	34
3419	حسناوة	HASNAOUA	HASNAOUA	34
4435	تبركانين	TIBERKANINE	TIBERKANINE	44
1110	فقارة الزوى	FOGGARET EZZOUA	FOGGARET EZZOUA	11
4426	عين البنيان	AIN-BENIAN	AIN-BENIAN	44
601	بجاية	BEJAIA	BEJAIA	6
3522	بن شود	BEN CHOUD	BEN CHOUD	35
306	حاسي الرمل	HASSI R'MEL	HASSI R'MEL	3
2623	تفراوت	TAFRAOUT	TAFRAOUT	26
2714	حجاج	HADJADJ	HADJADJ	27
4606	وادي برقش	OUED BERKECHE	OUED BERKECHE	46
2239	السهالة الثورة	SEHALA THAOURA	SEHALA THAOURA	22
512	عيون العصافير	OUYOUN EL ASSAFIR	OUYOUN EL ASSAFIR	5
1704	حاسي بحبح	HASSI BAHBAH	HASSI BAHBAH	17
1319	دار يغمراسن	DAR YAGHMORACEN	DAR YAGHMORACEN	13
2834	محمد بوضياف	MOHAMED BOUDIAF	MOHAMED BOUDIAF	28
4416	الروينة	ROUINA	ROUINA	44
3404	المنصورة	MANSOURA	MANSOURA	34
4222	مسلمون	MESSELMOUN	MESSELMOUN	42
1716	حاسي العش	HASSI EL EUCH	HASSI EL EUCH	17
2217	تنيرة	TENIRA	TENIRA	22
1515	بني عيسي	BENI-AISSI	BENI-AISSI	15
1643	المرسى	EL MARSA	EL MARSA	16
2243	وادي سفيون	OUED SEFIOUN	OUED SEFIOUN	22
3005	الرويسات	ROUISSAT	ROUISSAT	30
508	تازولت	TAZOULT	TAZOULT	5
1539	أيت عيسى ميمون	AIT-AISSA-MIMOUN	AIT-AISSA-MIMOUN	15
3914	الطالب العربي	TALEB LARBI	TALEB LARBI	39
801	بشار	BECHAR	BECHAR	8
1421	مغيلة	MEGHILA	MEGHILA	14
2840	السوامع	SOUAMAA	SOUAMAA	28
2245	بن باديس	BEN BADIS	BEN BADIS	22
3624	رمل السوق	RAML SOUK	RAML SOUK	36
4825	يلل	YELLEL	YELLEL	48
4331	يحي بني قشة	YAHIA BENIGUECHA	YAHIA BENIGUECHA	43
3019	المقارين	MEGARINE	MEGARINE	30
2814	أولاد عدي لقبالة	OULED ADDI GUEBALA	OULED ADDI GUEBALA	28
515	عزيل عبد القادر	AZIL ABEDELKADER	AZIL ABEDELKADER	5
2927	عقاز	OGGAZ	OGGAZ	29
1527	أيت يحيى	AIT-YAHIA	AIT-YAHIA	15
630	سوق اوفلا	SOUK OUFELLA	SOUK OUFELLA	6
2836	بئر فضة	BIR FODA	BIR FODA	28
1547	ذراع بن خدة	DRAA-BEN-KHEDDA	DRAA-BEN-KHEDDA	15
922	بوقرة	BOUGARA	BOUGARA	9
3004	حاسي مسعود	HASSI MESSAOUD	HASSI MESSAOUD	30
1562	ميزرانـــة	MIZRANA	MIZRANA	15
1033	بشلول	BECHLOUL	BECHLOUL	10
416	فكيرينة	FKIRINA	FKIRINA	4
4410	العطاف	EL-ATTAF	EL-ATTAF	44
412	عين كرشة	AIN KERCHA	AIN KERCHA	4
3108	مرسى الحجاج	MARSAT EL HADJADJ	MARSAT EL HADJADJ	31
3201	البيض	EL BAYADH	EL BAYADH	32
1005	قادرية	KADIRIA	KADIRIA	10
1311	وادي الخضر	OUED LAKHDAR	OUED LAKHDAR	13
2405	تاملوكة	TAMLOUKA	TAMLOUKA	24
2310	شطايبي	CHETAIBI	CHETAIBI	23
1103	إينغر	INGHAR	INGHAR	11
3306	إن أمناس	IN AMENAS	IN AMENAS	33
1926	عين أرنات	AIN ARNAT	AIN ARNAT	19
311	عين سيدي علي	AIN SIDI ALI	AIN SIDI ALI	3
619	توجة	TOUDJA	TOUDJA	6
3421	تقلعيت	TAGLAIT	TAGLAIT	34
3517	أولاد موسى	OULED MOUSSA	OULED MOUSSA	35
3305	برج الحواس	BORDJ EL HAOUASS	BORDJ EL HAOUASS	33
1611	بوزريعة	BOUZAREAH	BOUZAREAH	16
1954	ايت تيزي	AIT-TIZI	AIT-TIZI	19
3415	جعافرة	DJAAFRA	DJAAFRA	34
2433	وادي الشحم	OUED CHEHAM	OUED CHEHAM	24
4010	الرميلة	REMILA	REMILA	40
2112	الكركرة	KERKARA	KERKARA	21
4428	بربوش	BIRBOUCHE	BIRBOUCHE	44
2228	عين البرد	AIN EL BERD	AIN EL BERD	22
2240	سيدي يعقوب	SIDI YACOUB	SIDI YACOUB	22
1730	عين الإبل	AIN EL IBEL	AIN EL IBEL	17
1018	برج أوخريص	BORDJ OKHRISS	BORDJ OKHRISS	10
2718	خضرة	KHADRA	KHADRA	27
3917	الطريفاوي	TRIFAOUI	TRIFAOUI	39
233	أم الدروع	OUM DROU	OUM DROU	2
3918	المقرن	MAGRANE	MAGRANE	39
720	جمورة	DJEMORAH	DJEMORAH	7
2847	جبل مساعد	DJEBEL MESSAAD	DJEBEL MESSAAD	28
2619	بوسكن	BOUSKENE	BOUSKENE	26
3420	خليل	KHELIL	KHELIL	34
1035	عين بسام	AIN-BESSEM	AIN-BESSEM	10
518	تيلاطو	TILATOU	TILATOU	5
302	قصر الحيران	KSAR EL HIRANE	KSAR EL HIRANE	3
1302	بني مستر	BENI MESTER	BENI MESTER	13
1305	الفحول	EL FEHOUL	EL FEHOUL	13
2421	برج صباط	BORDJ SABATH	BORDJ SABATH	24
3205	الغاسول	GHASSOUL	GHASSOUL	32
1912	معاوية	MAAOUIA	MAAOUIA	19
4423	عين التركي	AIN-TORKI	AIN-TORKI	44
1422	قرطوفة	GUERTOUFA	GUERTOUFA	14
2923	عوف	AOUF	AOUF	29
2916	سيدي بوسعيد	SIDI BOUSSAID	SIDI BOUSSAID	29
2123	رمضان جمال	RAMDANE DJAMEL	RAMDANE DJAMEL	21
3302	جانت	DJANET	DJANET	33
4709	سبسب	SEBSEB	SEBSEB	47
2924	عين فارس	AIN FARES	AIN FARES	29
560	بولهيلات	BOULHILAT	BOULHILAT	5
633	تالة حمزة	TALA HAMZA	TALA HAMZA	6
213	بني راشد	BENI RACHED	BENI RACHED	2
3819	تملاحت	TAMELLAHET	TAMELLAHET	38
206	تاوقريت	TAOUGRIT	TAOUGRIT	2
223	المرسى	EL MARSA	EL MARSA	2
1625	الرايس حميدو	RAIS HAMIDOU	RAIS HAMIDOU	16
3003	انقوسة	N'GOUSSA	N'GOUSSA	30
1016	أعمر	AOMAR	AOMAR	10
2507	عين عبيد	AIN ABID	AIN ABID	25
201	الشلف	CHLEF	CHLEF	2
618	فناية الماثن	FENAIA IL MATEN	FENAIA IL MATEN	6
624	أدكار	ADEKAR	ADEKAR	6
305	حاسي الدلاعة	HASSI DELAA	HASSI DELAA	3
1034	بوكرم	BOUKRAM	BOUKRAM	10
641	مالبو	MELBOU	MELBOU	6
3524	عمال	AMMAL	AMMAL	35
1917	قجال	GUIDJEL	GUIDJEL	19
1924	أولاد عدوان	OULED ADDOUANE	OULED ADDOUANE	19
4225	الحطاطبة	ATTATBA	ATTATBA	42
408	عين ببوش	AIN BABOUCHE	AIN BABOUCHE	4
316	سبقاق	SEBGAG	SEBGAG	3
1420	النعيمة	NAIMA	NAIMA	14
2622	أولاد هلال	OULED HELLAL	OULED HELLAL	26
614	تيفرة	TIFRA	TIFRA	6
1933	مزلوق	MEZLOUG	MEZLOUG	19
625	أقبو	AKBOU	AKBOU	6
1558	أيت خليلي	AIT KHELLILI	AIT KHELLILI	15
4308	تاجنانت	TADJENANET	TADJENANET	43
2110	القل	COLLO	COLLO	21
3514	الثنية	THENIA	THENIA	35
2640	شنيقل	CHENIGUEL	CHENIGUEL	26
1731	عين وسارة	AIN OUSSERA	AIN OUSSERA	17
1310	القور	EL GOR	EL GOR	13
1341	سيدي الجيلالي	SIDI DJILLALI	SIDI DJILLALI	13
628	أيت رزين	AIT R'ZINE	AIT R'ZINE	6
714	عين الناقة	AIN NAGA	AIN NAGA	7
4332	الشيقارة	CHIGARA	CHIGARA	43
2811	مقرة	MAGRA	MAGRA	28
2225	عين قادة	AIN KADA	AIN KADA	22
1638	الرويبة	ROUIBA	ROUIBA	16
3601	الطارف	EL TARF	EL TARF	36
113	تيمقتن	TIMEKTEN	TIMEKTEN	1
1404	سيدي علي ملال	SIDI ALI MELLAL	SIDI ALI MELLAL	14
1403	عين بوشقيف	AIN BOUCHEKIF	AIN BOUCHEKIF	14
4311	أحمد راشدي	AHMED RACHEDI	AHMED RACHEDI	43
108	تسابيت	TSABIT	TSABIT	1
3620	الزيتونة	ZITOUNA	ZITOUNA	36
1408	مدريسة	MEDRISSA	MEDRISSA	14
1952	قصر الابطال	KASR EL ABTAL	KASR EL ABTAL	19
3607	العيون	EL AIOUN	EL AIOUN	36
4419	بئر ولد خليفة	BIR-OULD-KHELIFA	BIR-OULD-KHELIFA	44
3502	بودواو	BOUDOUAOU	BOUDOUAOU	35
1224	المريج	EL MERIDJ	EL MERIDJ	12
1629	المحمدية	MOHAMMADIA	MOHAMMADIA	16
320	العسافية	EL ASSAFIA	EL ASSAFIA	3
3014	الحجيرة	EL-HADJIRA	EL-HADJIRA	30
312	البيضاء	EL BEIDHA	EL BEIDHA	3
3401	برج بوعريرج	B. B. ARRERIDJ	B. B. ARRERIDJ	34
1940	عين أزال	AIN AZEL	AIN AZEL	19
3806	لرجام	LARDJEM	LARDJEM	38
903	بوعينان	BOUINAN	BOUINAN	9
2503	أبن باديس الهرية	BEN BADIS	BEN BADIS	25
4616	وادي الصباح	OUED SEBBAH	OUED SEBBAH	46
2311	سيدي عمار	SIDI AMAR	SIDI AMAR	23
3015	الطيبات	TAIBET	TAIBET	30
1509	ماكودة	MAKOUDA	MAKOUDA	15
1825	الجمعة بني حبيبي	DJEMAA BENI HABIBI	DJEMAA BENI HABIBI	18
707	بسباس	BESBES	BESBES	7
3930	سيدي عمران	SIDI AMRANE	SIDI AMRANE	39
3921	سطيل	STILL	STILL	39
3426	تيكستار	TIXTER	TIXTER	34
4117	عين الزانة	AIN ZANA	AIN ZANA	41
2425	بوشقوف	BOUCHEGOUF	BOUCHEGOUF	24
1413	دحموني	DAHMOUNI	DAHMOUNI	14
3002	عين البيضاء	AIN BEIDA	AIN BEIDA	30
2137	حمادي كرومة	HAMMADI KROUMA	HAMMADI KROUMA	21
4321	مينار زارزة	Minar Zarza	Minar Zarza	43
3425	القلة	COLLA	COLLA	34
4213	عين تاقورايت	AIN TAGOURAIT	AIN TAGOURAIT	42
2938	القطنة	EL GUEITENA	EL GUEITENA	29
4808	سيدي أمحمد بن علي	SIDI M'HAMED BENALI	SIDI M'HAMED BENALI	48
3204	بريزينة	BREZINA	BREZINA	32
2504	زيغود يوسف	ZIGHOUD YOUCEF	ZIGHOUD YOUCEF	25
2829	معاريف	MAARIF	MAARIF	28
2249	تاودموت	TAOUDMOUT	TAOUDMOUT	22
1555	بوجيمة	BOUDJIMA	BOUDJIMA	15
820	تامترت	TAMTERT	TAMTERT	8
4421	طارق بن زياد	TARIK-IBN-ZIAD	TARIK-IBN-ZIAD	44
3001	ورقلة	OUARGLA	OUARGLA	30
1543	تيرمتين	TIRMITINE	TIRMITINE	15
2424	مجاز عمار	MEDJEZ AMAR	MEDJEZ AMAR	24
406	سيقوس	SIGUS	SIGUS	4
2946	سيدي عبد الجبار	SIDI ABDELDJEBAR	SIDI ABDELDJEBAR	29
1410	مادنة	MADNA	MADNA	14
3912	حساني عبد الكريم	HASSANI ABDELKRIM	HASSANI ABDELKRIM	39
2830	دهاهنة	DEHAHNA	DEHAHNA	28
732	الحاجب	EL HADJAB	EL HADJAB	7
3612	الشافية	CHEFIA	CHEFIA	36
529	سقانة	SEGGANA	SEGGANA	5
1565	أيت بــوادو	AIT BOUADDOU	AIT BOUADDOU	15
2211	تفسور	TEFESSOUR	TEFESSOUR	22
3523	دلس	DELLYS	DELLYS	35
2628	سيدي زهار	SIDI ZAHAR	SIDI ZAHAR	26
1642	برج البحري	BORDJ EL BAHRI	BORDJ EL BAHRI	16
4810	سيدي  خطاب	SIDI KHETTAB	SIDI KHETTAB	48
642	أكفادو	AKFADOU	AKFADOU	6
716	الفيض	EL FEIDH	EL FEIDH	7
2505	ديدوش مراد	DIDOUCHE MOURAD	DIDOUCHE MOURAD	25
1958	الطاية	TAYA	TAYA	19
621	سيدي عياد	SIDI AYAD	SIDI AYAD	6
634	برباشة	BARBACHA	BARBACHA	6
4111	الخضارة	KHEDARA	KHEDARA	41
2232	الضاية	DHAYA	DHAYA	22
1006	حنيف	HANIF	HANIF	10
1619	باش جراح	BACHEDJERAH	BACHEDJERAH	16
2649	مفاتحة	M'FATHA	M'FATHA	26
643	الفلاي	LEFLAYE	LEFLAYE	6
2226	مسيد	M'CID	M'CID	22
1538	تيقـزيرت	TIGZIRT	TIGZIRT	15
1508	تيمـيزار	TIMIZART	TIMIZART	15
1222	ثليجان	TELIDJEN	TELIDJEN	12
1426	توسنينة	TOUSNINA	TOUSNINA	14
1504	فريحة	FREHA	FREHA	15
1409	زمالة  الأمير عبد القادر	ZMALET EL EMIR ABDELKADE	ZMALET EL EMIR ABDELKADE	14
4007	تاوزيانت	TAOUZIANAT	TAOUZIANAT	40
1510	ذراع الميزان	DRAA-EL-MIZAN	DRAA-EL-MIZAN	15
3516	قورصو	CORSO	CORSO	35
4815	القطار	EL-GUETTAR	EL-GUETTAR	48
2235	سيدي شعيب	SIDI CHAIB	SIDI CHAIB	22
2915	ماقضة	MAKHDA	MAKHDA	29
652	بو جليل	BOUDJELLIL	BOUDJELLIL	6
225	سيدي عبد الرحمن	SIDI ABDERRAHMANE	SIDI ABDERRAHMANE	2
4822	مازونة	MAZOUNA	MAZOUNA	48
4120	سيدي فرج	SIDI FREDJ	SIDI FREDJ	41
1960	التلة	TELLA	TELLA	19
1542	أيت  أومالو	AIT-OUMALOU	AIT-OUMALOU	15
2229	سفيزف	SFISEF	SFISEF	22
2833	زرزور	ZARZOUR	ZARZOUR	28
2428	الركنية	ROKNIA	ROKNIA	24
1908	بئر العرش	BIR-EL-ARCH	BIR-EL-ARCH	19
2212	العمارنة	AMARNAS	AMARNAS	22
2304	العلمة	EL EULMA	EL EULMA	23
2205	تلاغ	TELAGH	TELAGH	22
2832	خطوطي سد الجير	KHETTOUTI SED-EL-JIR	KHETTOUTI SED-EL-JIR	28
4417	زدين	ZEDDINE	ZEDDINE	44
2611	مزغنة	MEZERANA	MEZERANA	26
202	تنس	TENES	TENES	2
1726	الشارف	CHAREF	CHAREF	17
1935	سرج الغول	SERDJ-EL-GHOUL	SERDJ-EL-GHOUL	19
3821	بوقائد	BOUCAID	BOUCAID	38
2651	بوغزول	BOUGHZOUL	BOUGHZOUL	26
2415	لخزارة	KHEZARAS	KHEZARAS	24
1815	غبالة	GHEBALA	GHEBALA	18
2511	بوجريو مسعود	MESSAOUD BOUDJERIOU	MESSAOUD BOUDJERIOU	25
1044	المقراني	EL-MOKRANI	EL-MOKRANI	10
1810	سيدي معروف	SIDI MAROUF	SIDI MAROUF	18
1657	عين بنيان	AIN BENIAN	AIN BENIAN	16
2113	أولاد عطية	OULED ATTIA	OULED ATTIA	21
4306	التلاغمة	TELEGHMA	TELEGHMA	43
1506	مشطراس	MECHTRAS	MECHTRAS	15
1540	بوغني	BOGHNI	BOGHNI	15
409	بريش	BERRICHE	BERRICHE	4
1652	الشراقة	CHERAGA	CHERAGA	16
3915	دوار الماء	DOUAR EL MAA	DOUAR EL MAA	39
514	بيطام	BITAM	BITAM	5
1905	بوطالب	BOUTALEB	BOUTALEB	19
2709	وادي الخير	OUED EL KHEIR	OUED EL KHEIR	27
1563	إمســوحال	IMSOUHAL	IMSOUHAL	15
1303	عين تالوت	AIN TELLOUT	AIN TELLOUT	13
2107	بكوش لخضر	BEKKOUCHE LAKHDAR	BEKKOUCHE LAKHDAR	21
4828	منداس	MENDES	MENDES	48
3413	مجانة	MEDJANA	MEDJANA	34
544	تكوت	T KOUT	T KOUT	5
4809	مديونة	MEDIOUNA	MEDIOUNA	48
2928	العلايمية	ALAIMIA	ALAIMIA	29
902	الشبلي	CHEBLI	CHEBLI	9
4103	الحنانشة	HANENCHA	HANENCHA	41
3118	البراية	EL BRAYA	EL BRAYA	31
1512	بونوح	BOUNOUH	BOUNOUH	15
1316	زناتة	ZENATA	ZENATA	13
310	قلتة سيدي سعد	GUELTAT SIDI SAAD	GUELTAT SIDI SAAD	3
1333	سوق الثلاثاء	SOUK TLETA	SOUK TLETA	13
1535	أيت عقـواشة	AIT AGGOUACHA	AIT AGGOUACHA	15
2909	زلامطة	ZELAMTA	ZELAMTA	29
526	تيغانمين	TIGHANIMINE	TIGHANIMINE	5
3411	الحمادية	Elhammadia	Elhammadia	34
3021	البرمة	EL BORMA	EL BORMA	30
2417	بوحشانة	BOU HACHANA	BOU HACHANA	24
3818	سيدي عابد	SIDI ABED	SIDI ABED	38
609	مسيسنة	M'CISNA	M'CISNA	6
637	بوحمزة	BOUHAMZA	BOUHAMZA	6
1656	الخرايسية	KHRAISSIA	KHRAISSIA	16
4210	قوراية	GOURAYA	GOURAYA	42
2414	عين بن بيضاء	AIN BEN BEIDA	AIN BEN BEIDA	24
4224	القليعة	KOLEA	KOLEA	42
702	أوماش	OUMACHE	OUMACHE	7
3211	الخيثر	EL KHEITHER	EL KHEITHER	32
1634	تسالة المرجة	TESSALA EL MERDJA	TESSALA EL MERDJA	16
4628	المساعيد	EL MESSAID	EL MESSAID	46
3528	أولاد هداج	OULED HEDADJ	OULED HEDADJ	35
3218	سيدي عمر	SIDI AMAR	SIDI AMAR	32
1320	فلاوسن	FELLAOUCENE	FELLAOUCENE	13
2111	بني زيد	BENI ZID	BENI ZID	21
1202	بئر العاتر	BIR-EL-ATER	BIR-EL-ATER	12
1345	تيانت	TIANET	TIANET	13
1329	السواحلية	SOUAHLIA	SOUAHLIA	13
2005	مولاي العربي	MOULAY LARBI	MOULAY LARBI	20
3927	المغير	EL-M'GHAIER	EL-M'GHAIER	39
1936	حربيل	HARBIL	HARBIL	19
708	سيدي  خالد	SIDI KHALED	SIDI KHALED	7
1326	الحناية	HENNAYA	HENNAYA	13
1328	حمام بوغرارة	HAMMAM BOUGHRARA	HAMMAM BOUGHRARA	13
127	أولاد عيسى	OULED AISSA	OULED AISSA	1
2650	ميهوب	MIHOUB	MIHOUB	26
1549	إيجــار	IDJEUR	IDJEUR	15
1602	سيدي امحمد	SIDI M'HAMED	SIDI M'HAMED	16
814	الواتة	EL OUATA	EL OUATA	8
813	تاغيت	TAGHIT	TAGHIT	8
2238	بوجبهة البرج	BOUDJEBAA EL BORDJ	BOUDJEBAA EL BORDJ	22
2648	سغوان	SEGHOUANE	SEGHOUANE	26
3515	تيمزريت	TIMEZRIT	TIMEZRIT	35
549	أولاد فاضل	OULED FADEL	OULED FADEL	5
2941	غروس	GHARROUS	GHARROUS	29
4507	عسلة	ASLA	ASLA	45
1428	عين كرمس	AIN KERMES	AIN KERMES	14
1706	سد الرحال	SED RAHAL	SED RAHAL	17
1522	تيزي راشد	TIZI-RACHED	TIZI-RACHED	15
4816	حمري	HAMRI	HAMRI	48
3928	جامعة	DJAMAA	DJAMAA	39
4112	المراهنة	MERAHNA	MERAHNA	41
3119	حاسي بن عقبة	HASSI BEN OKBA	HASSI BEN OKBA	31
4209	سيدي عامر	SIDI-AMAR	SIDI-AMAR	42
217	الظهرة	DAHRA	DAHRA	2
531	فم الطوب	FOUM TOUB	FOUM TOUB	5
2008	سيدي عمر	SIDI AMAR	SIDI AMAR	20
216	وادي قوسين	OUED GOUSSINE	OUED GOUSSINE	2
2104	عزابة	AZZABA	AZZABA	21
4312	أولاد اخلوف	OULED KHALOUF	OULED KHALOUF	43
407	البلالة	EL BELALA	EL BELALA	4
2637	جواب	DJOUAB	DJOUAB	26
4427	الحسينية	HOCEINIA	HOCEINIA	44
1812	العنصر	EL ANCER	EL ANCER	18
3304	برج عمر إدريس	BORDJ OMAR DRISS	BORDJ OMAR DRISS	33
4211	الناظور	NADOR	NADOR	42
1521	الأربعــاء ناث إيراثن	LARBAA NATH IRATHEN	LARBAA NATH IRATHEN	15
1036	بئر غبالو	BIR GHBALOU	BIR GHBALOU	10
3104	حاسي بونيف	HASSI BOUNIF	HASSI BOUNIF	31
909	حمام ملوان	HAMMAM ELOUANE	HAMMAM ELOUANE	9
4511	القصدير	KASDIR	KASDIR	45
4228	حجرة النص	HADJRET ENNOUS	HADJRET ENNOUS	42
1801	جيجل	JIJEL	JIJEL	18
636	أوزلاقن	OUZELLAGUEN	OUZELLAGUEN	6
417	سوق نعمان	SOUK NAAMANE	SOUK NAAMANE	4
1604	محمد بلوزداد	MOHAMED BELOUZDAD	MOHAMED BELOUZDAD	16
324	سيدي بوزيد	SIDI BOUZID	SIDI BOUZID	3
2230	عين أدن	AIN- ADDEN	AIN- ADDEN	22
1332	العريشة	EL ARICHA	EL ARICHA	13
2510	عين السمارة	AIN SMARA	AIN SMARA	25
723	ليشانة	LICHANA	LICHANA	7
1914	عين عباسة	AIN ABESSA	AIN ABESSA	19
2638	الشهبونية	CHABOUNIA	CHABOUNIA	26
1946	بني موحلي	BENI-MOUHLI	BENI-MOUHLI	19
704	شتمة	CHETMA	CHETMA	7
2605	العيساوية	AISSAOUIA	AISSAOUIA	26
2601	المدية	MEDEA	MEDEA	26
1221	أم علي	OUM ALI	OUM ALI	12
2661	سدراية	SEDRAYA	SEDRAYA	26
721	طولقة	TOLGA	TOLGA	7
4005	الحامة	EL HAMMA	EL HAMMA	40
4425	بن علال	BEN ALLAL	BEN ALLAL	44
2125	صالح بو الشعور	SALAH BOUCHAOUR	SALAH BOUCHAOUR	21
4227	بني ميلك	BENI MILEUK	BENI MILEUK	42
4315	الرواشد	ROUACHED	ROUACHED	43
2625	بوغار	BOGHAR	BOGHAR	26
4617	أولاد بوجمعة	OULED BOUDJEMAA	OULED BOUDJEMAA	46
2406	وادي فراغة	OUED FERRAGHA	OUED FERRAGHA	24
1603	المدنية	EL MADANIA	EL MADANIA	16
1031	الدشمية	DECHMIA	DECHMIA	10
2929	القعدة	EL GAADA	EL GAADA	29
1714	الادريسية	EL IDRISSIA	EL IDRISSIA	17
1216	قريقر	GUORRIGUER	GUORRIGUER	12
1011	مزدور	MEZDOUR	MEZDOUR	10
4510	مكمن بن عمار	MAKMEN BEN AMAR	MAKMEN BEN AMAR	45
916	بوفاريك	BOUFARIK	BOUFARIK	9
1916	بابور	BABOR	BABOR	19
1709	بويرة الأحداب	BOUIRA LAHDAB	BOUIRA LAHDAB	17
121	أولاد أحمد تيمي	OULED AHMED TIMMI	OULED AHMED TIMMI	1
1038	سور الغزلان	SOUR EL GHOZLANE	SOUR EL GHOZLANE	10
2816	سيدي عيسى	SIDI AISSA	SIDI AISSA	28
1525	عين الزاوية	AIN-ZAOUIA	AIN-ZAOUIA	15
1042	الحجرة الزرقاء	HADJERA ZERGA	HADJERA ZERGA	10
1105	أدلس	IDLES	IDLES	11
728	المزيرعة	MEZIRAA	MEZIRAA	7
1317	بني سنوس	BENI SNOUS	BENI SNOUS	13
303	بن ناصر بن شهرة	BENACER BENCHOHRA	BENACER BENCHOHRA	3
651	وادي غير	OUED GHIR	OUED GHIR	6
2902	بوحنيفية	BOUHANIFIA	BOUHANIFIA	29
1338	بني بوسعيد	BENI BOUSSAID	BENI BOUSSAID	13
1424	جيلالي بن عمار	DJILLALI BEN AMAR	DJILLALI BEN AMAR	14
2615	تمسقيدة	TAMESGUIDA	TAMESGUIDA	26
2944	رأس عين عميروش	RAS EL AIN AMIROUCHE	RAS EL AIN AMIROUCHE	29
1723	عين الشهداء	AIN CHOUHADA	AIN CHOUHADA	17
2801	المسيلة	M'SILA	M'SILA	28
2234	لمطار	LAMTAR	LAMTAR	22
2639	مغراوة	MAGHRAOUA	MAGHRAOUA	26
1536	واضية	OUADHIAS	OUADHIAS	15
1729	دلدول	DELDOUL	DELDOUL	17
632	طيبان	TIBANE	TIBANE	6
3603	بن مهيدي	BEN M HIDI	BEN M HIDI	36
2641	عين اقصير	AIN OUKSIR	AIN OUKSIR	26
2233	زروالة	ZEROUALA	ZEROUALA	22
3807	الملعب	MELAAB	MELAAB	38
2604	عين بوسيف	AIN BOUCIF	AIN BOUCIF	26
2403	بوعاتي محمود	BOUATI MAHMOUD	BOUATI MAHMOUD	24
2808	مسيف	M'CIF	M'CIF	28
525	الرحبات	RAHBAT	RAHBAT	5
2210	مرحوم	MARHOUM	MARHOUM	22
1030	سحاريج	SAHARIDJ	SAHARIDJ	10
2012	سيدي احمد	SIDI AHMED	SIDI AHMED	20
2931	المحمدية	MOHAMMADIA	MOHAMMADIA	29
4319	تسدان حدادة	TASSADANE HADDADA	TASSADANE HADDADA	43
1043	آث  منصور	ATH MANSOUR	ATH MANSOUR	10
4109	الدريعة	DREA	DREA	41
125	برج باجي مختار	BORDJ BADJI MOKHTAR	BORDJ BADJI MOKHTAR	1
2219	الحصيبة	EL HACAIBA	EL HACAIBA	22
1921	جميلة	DJEMILA	DJEMILA	19
2716	سيدي لخضر	SIDI-LAKHDAR	SIDI-LAKHDAR	27
110	أولاد السعيد	OULED SAID	OULED SAID	1
1823	خيري واد عجول	KHIRI OUED ADJOUL	KHIRI OUED ADJOUL	18
3901	الوادي	EL-OUED	EL-OUED	39
4126	الزوابي	ZOUABI	ZOUABI	41
2119	سيدي مزغيش	SIDI MEZGHICHE	SIDI MEZGHICHE	21
2612	أولاد إبراهيم	OULED BRAHIM	OULED BRAHIM	26
4309	بن يحي عبد الرحمن	BENYAHIA ABDERRAHMANE	BENYAHIA ABDERRAHMANE	43
612	سمعون	SMAOUN	SMAOUN	6
2813	عين الخضراء	AIN KHADRA	AIN KHADRA	28
722	ليوة	LIOUA	LIOUA	7
3006	بلدة اعمر	BLIDET AMOR	BLIDET AMOR	30
421	بئر الشهداء	BIR CHOUHADA	BIR CHOUHADA	4
219	سنجاس	SENDJAS	SENDJAS	2
1609	بئر مراد رايس	BIR MOURAD RAIS	BIR MOURAD RAIS	16
2824	بن سرور	BEN SROUR	BEN SROUR	28
1411	السبت	SEBT	SEBT	14
1513	أيت شافع	AIT-CHAFAA	AIT-CHAFAA	15
717	القنطرة	EL KANTARA	EL KANTARA	7
4817	المطمر	EL-MATMAR	EL-MATMAR	48
1931	بازر سكرة	BAZER-SAKRA	BAZER-SAKRA	19
4016	أولاد رشاش	OULED RECHACHE	OULED RECHACHE	40
4013	بابار	BABAR	BABAR	40
818	كرزاز	KERZAZ	KERZAZ	8
1342	بني بهدل	BENI BAHDEL	BENI BAHDEL	13
1327	مغنية	MAGHNIA	MAGHNIA	13
2943	الشرفاء	CHORFA	CHORFA	29
2719	بوقيراط	BOUGUIRAT	BOUGUIRAT	27
1318	باب العسة	BAB EL ASSA	BAB EL ASSA	13
3414	ثنية النصر	TENIET EN NASR	TENIET EN NASR	34
111	زاوية كنتة	ZAOUIET KOUNTA	ZAOUIET KOUNTA	1
3610	بريحان	BERRIHANE	BERRIHANE	36
4422	برج الأمير خالد	BORDJ-EMIR-KHALED	BORDJ-EMIR-KHALED	44
912	موزاية	MOUZAIA	MOUZAIA	9
4434	الماين	EL-MAINE	EL-MAINE	44
1526	مكيرة	M'KIRA	M'KIRA	15
622	أوقاس	AOKAS	AOKAS	6
1633	الكاليتوس	LES EUCALYPTUS	LES EUCALYPTUS	16
1624	الحمامات	HAMMAMET	HAMMAMET	16
2642	أم الجليل	OUM EL DJELLIL	OUM EL DJELLIL	26
510	القيقبة	GUIGBA	GUIGBA	5
221	وادي سلي	OUED SLY	OUED SLY	2
4811	عمي موسى	AMMI MOUSSA	AMMI MOUSSA	48
4801	غليزان	RELIZANE	RELIZANE	48
210	أولاد فارس	OULED FARES	OULED FARES	2
2502	حامة بوزيان	HAMMA BOUZIANE	HAMMA BOUZIANE	25
2913	فروحة	FROHA	FROHA	29
3405	المهير	EL M'HIR	EL M'HIR	34
727	برج بن عزوز	BORDJ BEN AZZOUZ	BORDJ BEN AZZOUZ	7
2106	عين شرشار	AIN CHARCHAR	AIN CHARCHAR	21
821	بني ونيف	BENI-OUNIF	BENI-OUNIF	8
1336	بني وارسوس	BENI OUARSOUS	BENI OUARSOUS	13
1037	أمشدالة	M CHEDALLAH	M CHEDALLAH	10
3519	بوزقزة قدارة	BOUZEGZA KEDDARA	BOUZEGZA KEDDARA	35
808	بن يخلف	BENI-IKHLEF	BENI-IKHLEF	8
4702	المنيعة	EL MENIAA	EL MENIAA	47
1612	بئر خادم	BIRKHADEM	BIRKHADEM	16
2826	الحوامد	EL HOUAMED	EL HOUAMED	28
1957	واد البارد	OUED EL BARED	OUED EL BARED	19
1015	الهاشمية	EL HACHIMIA	EL HACHIMIA	10
4318	سيدي مروان	SIDI MEROUANE	SIDI MEROUANE	43
1938	تيزي نبشار	TIZI N'BECHAR	TIZI N'BECHAR	19
3509	يسر	ISSER	ISSER	35
2312	التريعات	TREAT	TREAT	23
112	أولف	AOULEF	AOULEF	1
1219	الونزة	OUENZA	OUENZA	12
1209	نقرين	NEGRINE	NEGRINE	12
1013	الأخضرية	LAKHDARIA	LAKHDARIA	10
2729	تزقايت	TAZGAIT	TAZGAIT	27
552	شير	CHIR	CHIR	5
2722	ماسرة	MESRA	MESRA	27
2841	عين الملح	AIN EL MELH	AIN EL MELH	28
1918	عين الحجر	AIN LAHDJAR	AIN LAHDJAR	19
1417	سي عبد الغني	SI ABDELGHANI	SI ABDELGHANI	14
3813	عماري	AMMARI	AMMARI	38
504	مروانة	MEROUANA	MEROUANA	5
4008	بوحمامة	BOUHMAMA	BOUHMAMA	40
2237	وادي السبع	OUED SEBAA	OUED SEBAA	22
3919	بن  قشة	BEN GUECHA	BEN GUECHA	39
4614	المالح	EL MALEH	EL MALEH	46
713	الحوش	EL HAOUCH	EL HAOUCH	7
1930	بوعنداس	BOUANDAS	BOUANDAS	19
1647	بابا حسن	BABA HASSEN	BABA HASSEN	16
1909	بني شبانة	BENI CHEBANA	BENI CHEBANA	19
2660	حناشة	HANNACHA	HANNACHA	26
2309	عين الباردة	AIN EL BERDA	AIN EL BERDA	23
207	بني حواء	BENI HAOUA	BENI HAOUA	2
2427	هواري بومدين	HOUARI BOUMEDIENNE	HOUARI BOUMEDIENNE	24
1904	أولاد سي أحمد	OULED SI AHMED	OULED SI AHMED	19
2102	عين زويت	AIN ZOUIT	AIN ZOUIT	21
1104	عين قزام	AIN GUEZZAM	AIN GUEZZAM	11
4402	مليانة	MILIANA	MILIANA	44
2657	العوينات	EL OUINET	EL OUINET	26
2301	عنابة	ANNABA	ANNABA	23
1001	البويرة	BOUIRA	BOUIRA	10
1109	عين امقل	AIN AMGUEL	AIN AMGUEL	11
4820	وادي السلام	OUED ESSALEM	OUED ESSALEM	48
1734	عمورة	AMOURAH	AMOURAH	17
2626	سيدي نعمان	SIDI NAAMANE	SIDI NAAMANE	26
4833	الحاسي	EL HASSI	EL HASSI	48
1514	فريقات	FRIKAT	FRIKAT	15
3110	العنصر	EL ANCOR	EL ANCOR	31
4329	العياضي برباس	El Ayadi Barbes	El Ayadi Barbes	43
4310	وادي النجاء	OUED ENDJA	OUED ENDJA	43
4011	ششار	CHECHAR	CHECHAR	40
4508	جنين بورزق	DJENIENNE BOUREZG	DJENIENNE BOUREZG	45
1947	أولاد صابر	OULED SABOR	OULED SABOR	19
509	نقاوس	N GAOUS	N GAOUS	5
304	سيدي مخلوف	SIDI MAKHLOUF	SIDI MAKHLOUF	3
413	هنشير تومغني	HANCHIR TOUMGHANI	HANCHIR TOUMGHANI	4
3809	برج الأمير عبد القادر	BORDJ EL EMIR ABDELKADER	BORDJ EL EMIR ABDELKADER	38
2652	تابلاط	TABLAT	TABLAT	26
419	الفجوج بوغرارة سعودي	EL FEDJOUDJ BOUGHRARA SA	EL FEDJOUDJ BOUGHRARA SA	4
3816	الأربعاء	LARBAA	LARBAA	38
114	تامنطيط	TAMANTIT	TAMANTIT	1
2835	بن زوه	BENZOUH	BENZOUH	28
2105	جندل سعدي محمد	DJENDEL SAADI MOHAMED	DJENDEL SAADI MOHAMED	21
603	فرعون	FERAOUN	FERAOUN	6
1324	بن سكران	BENSEKRANE	BENSEKRANE	13
1040	أولاد راشد	OULED RACHED	OULED RACHED	10
607	تيمزريت	TIMEZRIT	TIMEZRIT	6
3805	بني شعيب	BENI CHAIB	BENI CHAIB	38
1626	جسر قسنطينة	DJASR KASENTINA	DJASR KASENTINA	16
2117	زردازة	ZERDEZAS	ZERDEZAS	21
2608	دراق	DERRAG	DERRAG	26
1811	السطارة	SETTARA	SETTARA	18
3531	خميس الخشنة	KHEMIS EL KHECHNA	KHEMIS EL KHECHNA	35
1008	أيت لعزيز	AIT LAAZIZ	AIT LAAZIZ	10
3608	بوثلجة	BOUTELDJA	BOUTELDJA	36
4814	جديوية	DJIDIOUIA	DJIDIOUIA	48
401	أم البواقي	OUM EL BOUAGHI	OUM EL BOUAGHI	4
804	المريجة	MERIDJA	MERIDJA	8
119	اقبلي	AKABLI	AKABLI	1
4403	بومدفع	BOUMEDFAA	BOUMEDFAA	44
4320	دراحي بوصلاح	DERRAHI BOUSSELAH	DERRAHI BOUSSELAH	43
1323	تيرني بني هديل	TERNY BENI HEDIEL	TERNY BENI HEDIEL	13
1701	الجلفة	DJELFA	DJELFA	17
2710	سيدي بلعطار	SIDI BELAATTAR	SIDI BELAATTAR	27
2401	قالمة	GUELMA	GUELMA	24
4505	سفيسيفة	SFISSIFA	SFISSIFA	45
1524	واقنون	OUAGUENOUN	OUAGUENOUN	15
1822	بودريعة بني  ياجيس	BOUDRIA BENIYADJIS	BOUDRIA BENIYADJIS	18
122	بودة	BOUDA	BOUDA	1
2011	المعمورة	MAAMORA	MAAMORA	20
4114	بئر بوحوش	BIR BOUHOUCHE	BIR BOUHOUCHE	41
1608	وادي قريش	OUED KORICHE	OUED KORICHE	16
3434	حرازة	HARAZA	HARAZA	34
905	أولاد يعيش	OULED YAICH	OULED YAICH	9
519	عين جاسر	AIN DJASSER	AIN DJASSER	5
1816	بوراوي بلهادف	BOURAOUI BELHADEF	BOURAOUI BELHADEF	18
4003	قايس	KAIS	KAIS	40
1340	ندرومة	NEDROMA	NEDROMA	13
615	اغرم	IGHRAM	IGHRAM	6
3614	شحاني	CHIHANI	CHIHANI	36
3929	أم الطيور	OUM TOUYOUR	OUM TOUYOUR	39
124	طالمين	TALMINE	TALMINE	1
1564	تادمايت	TADMAIT	TADMAIT	15
4406	عريب	ARIB	ARIB	44
4006	عين الطويلة	AIN TOUILA	AIN TOUILA	40
1419	جبيلات الرصفاء	DJEBILET ROSFA	DJEBILET ROSFA	14
554	زانة البيضاء	ZANET EL BEIDA	ZANET EL BEIDA	5
1206	الحويجبات	EL-HOUIDJBET	EL-HOUIDJBET	12
2839	مناعة	MENAA	MENAA	28
1606	بولوغين بن زيري	BOLOGHINE IBNOU ZIRI	BOLOGHINE IBNOU ZIRI	16
1308	السواني	SOUANI	SOUANI	13
2908	سيدي قادة	SIDI KADA	SIDI KADA	29
422	قصر الصباحي	KSAR SBAHI	KSAR SBAHI	4
2818	سيدي هجرس	SIDI HADJERES	SIDI HADJERES	28
2629	وادي حربيل	OUED HARBIL	OUED HARBIL	26
2227	سيدي خالد	SIDI KHALED	SIDI KHALED	22
2804	أولاد دراج	OULED DERRADJ	OULED DERRADJ	28
1932	حمام السخنة	HAMAM SOUKHNA	HAMAM SOUKHNA	19
4118	عين سلطان	AIN SOLTANE	AIN SOLTANE	41
3222	سيدي طيفور	SIDI TIFFOUR	SIDI TIFFOUR	32
522	عين ياقوت	AIN YAGOUT	AIN YAGOUT	5
3111	وادي تليلات	OUED TLELAT	OUED TLELAT	31
2431	بومهرة أحمد	BOUMAHRA AHMED	BOUMAHRA AHMED	24
2633	السواقي	SOUAGUI	SOUAGUI	26
321	وادي مرة	OUED MORRA	OUED MORRA	3
709	الدوسن	DOUCEN	DOUCEN	7
1002	الأسنام	EL ASNAM	EL ASNAM	10
4819	عين طارق	AIN-TAREK	AIN-TAREK	48
2116	الحروش	EL ARROUCH	EL ARROUCH	21
1348	بني خلاد	BENI KHELLAD	BENI KHELLAD	13
4014	طامزة	TAMZA	TAMZA	40
4619	العامرية	EL AMRIA	EL AMRIA	46
4830	بني زنطيس	BENI ZENTIS	BENI ZENTIS	48
3007	تبسبست	TEBESBEST	TEBESBEST	30
1418	عين الحديد	AIN EL HADID	AIN EL HADID	14
2936	مقطع الدوز	MOCTA-DOUZ	MOCTA-DOUZ	29
1431	الناظورة	NADORAH	NADORAH	14
923	قرواو	GUERROUAOU	GUERROUAOU	9
2805	تارمونت	TARMOUNT	TARMOUNT	28
1713	مليليحة	M'LILIHA	M'LILIHA	17
1705	عين معبد	AIN MAABED	AIN MAABED	17
1631	المغارية	EL MAGHARIA	EL MAGHARIA	16
2815	بلعايبة	BELAIBA	BELAIBA	28
1711	الخميس	EL KHEMIS	EL KHEMIS	17
4116	أم العظايم	OUM EL ADHAIM	OUM EL ADHAIM	41
803	أولاد خضير	OULED-KHODEIR	OULED-KHODEIR	8
645	ذراع القايد	DRA EL CAID	DRA EL CAID	6
4413	وادي الشرفاء	OUED CHORFA	OUED CHORFA	44
2910	وادي الأبطال	OUED EL ABTAL	OUED EL ABTAL	29
4216	مراد	MERAD	MERAD	42
2246	سيدي علي بن يوب	SIDI ALI BENYOUB	SIDI ALI BENYOUB	22
229	وادي الفضة	OUED FODDA	OUED FODDA	2
1910	أولاد تبان	OULED TEBBEN	OULED TEBBEN	19
1534	بوزقــن	BOUZEGUENE	BOUZEGUENE	15
644	خراطة	KHERRATA	KHERRATA	6
1004	سوق الخميس	SOUK EL KHEMIS	SOUK EL KHEMIS	10
1307	الغزوات	GHAZAOUET	GHAZAOUET	13
613	كنديرة	KENDIRA	KENDIRA	6
3124	بوتليليس	BOUTLELIS	BOUTLELIS	31
1628	حيدرة	HYDRA	HYDRA	16
538	تاكسلانت	TAXLENT	TAXLENT	5
4317	القرارم قوقة	GRAREM GOUGA	GRAREM GOUGA	43
3616	البسباس	BESBES	BESBES	36
1733	حاسي فدول	HASSI FEDOUL	HASSI FEDOUL	17
3530	حمادي	HAMMEDI	HAMMEDI	35
1951	أيت نوال مزادة	AIT NAOUAL MEZADA	AIT NAOUAL MEZADA	19
4805	أولاد يعيش	OULED AICHE	OULED AICHE	48
3613	الذرعـان	DREAN	DREAN	36
1641	عين طاية	AIN TAYA	AIN TAYA	16
1322	سبعة شيوخ	SEBBAA CHIOUKH	SEBBAA CHIOUKH	13
2932	سيدي عبد المومن	SIDI ABDELMOUMENE	SIDI ABDELMOUMENE	29
2820	بوسعادة	BOU SAADA	BOU SAADA	28
3428	العناصر	EL ANNASSEUR	EL ANNASSEUR	34
3018	المنقر	M'NAGUER	M'NAGUER	30
530	إشمول	ICHEMOUL	ICHEMOUL	5
2930	زهانة	ZAHANA	ZAHANA	29
4803	بلعسل بوزقزة	BELAASSEL BOUZAGZA	BELAASSEL BOUZAGZA	48
703	برانيس	BRANIS	BRANIS	7
2708	سور	SOUR	SOUR	27
4807	الحمادنة	EL H'MADNA	EL H'MADNA	48
3220	توسمولين	TOUSMOULINE	TOUSMOULINE	32
1531	أبي يوسف	ABI-YOUCEF	ABI-YOUCEF	15
2658	أولاد عنتر	OULED ANTAR	OULED ANTAR	26
626	صدوق	SEDDOUK	SEDDOUK	6
1567	أيت تودرت	AIT-TOUDERT	AIT-TOUDERT	15
1045	وادي البردي	OUED EL BERDI	OUED EL BERDI	10
1434	مشرع الصفا	MECHRAA SAFA	MECHRAA SAFA	14
104	رقان	REGGANE	REGGANE	1
4703	ضاية بن ضحوة	DHAYET BENDHAHOUA	DHAYET BENDHAHOUA	47
410	أولاد حملة	OULED HAMLA	OULED HAMLA	4
2635	قصر البخاري	KSAR EL BOUKHARI	KSAR EL BOUKHARI	26
2844	عين الريش	AIN RICH	AIN RICH	28
1545	يطــافن	YATAFENE	YATAFENE	15
4202	مناصر	MENACEUR	MENACEUR	42
2138	المرسى	EL MARSA	EL MARSA	21
556	أولاد عمار	OULED AMMAR	OULED AMMAR	5
427	عين الزيتون	AIN ZITOUN	AIN ZITOUN	4
2935	سجرارة	SEDJERARA	SEDJERARA	29
4217	فوكة	FOUKA	FOUKA	42
1613	الحراش	EL HARRACH	EL HARRACH	16
2819	ونوغة	OUANOUGHA	OUANOUGHA	28
2429	سلاوة عنونة	SELLAOUA ANNOUNA	SELLAOUA ANNOUNA	24
1949	عين السبت	AIN-SEBT	AIN-SEBT	19
1228	فركان	FERKANE	FERKANE	12
2251	بن عشيبة شلية	BENACHIBA CHELIA	BENACHIBA CHELIA	22
1702	مجبارة	MOUDJEBARA	MOUDJEBARA	17
1205	العوينات	EL-AOUINET	EL-AOUINET	12
2905	ماوسة	MAOUSSA	MAOUSSA	29
3615	شبيطة مختار	CHEBAITA MOKHTAR	CHEBAITA MOKHTAR	36
4821	واريزان	OUARIZANE	OUARIZANE	48
4710	بونورة	BOUNOURA	BOUNOURA	47
2132	قنواع	KANOUA	KANOUA	21
1402	مدروسة	MEDROUSSA	MEDROUSSA	14
2664	السانق	SANEG	SANEG	26
1029	عين الترك	AIN TURK	AIN TURK	10
2252	حاسي دحو	HASSI DAHOU	HASSI DAHOU	22
2509	أولاد رحمون	OULED RAHMOUN	OULED RAHMOUN	25
4624	سيدي صافي	SIDI SAFI	SIDI SAFI	46
2911	عين فراح	AIN FERAH	AIN FERAH	29
4110	الحدادة	HADDADA	HADDADA	41
2418	قلعة بوصبع	GUELAAT BOU SBAA	GUELAAT BOU SBAA	24
817	العبادلة	ABADLA	ABADLA	8
4305	عين الملوك	AIN MELLOUK	AIN MELLOUK	43
2942	قرجوم	GUERDJOUM	GUERDJOUM	29
2410	بلخير	BELKHEIR	BELKHEIR	24
557	الحاسي	EL HASSI	EL HASSI	5
539	القصبات	GOSBAT	GOSBAT	5
2115	الزيتونة	ZITOUNA	ZITOUNA	21
3518	الاربعطاش	LARBATACHE	LARBATACHE	35
1436	شحيمة	CHEHAIMA	CHEHAIMA	14
1649	الدرارية	DRARIA	DRARIA	16
2632	عزيز	AZIZ	AZIZ	26
610	تينبدار	TINEBDAR	TINEBDAR	6
2914	المطمور	MATEMORE	MATEMORE	29
3208	عين العراك	AIN EL ORAK	AIN EL ORAK	32
611	تيشي	TICHY	TICHY	6
4603	أولاد الكيحل	OULED KIHAL	OULED KIHAL	46
228	الأبيض مجاجة	LABIOD MEDJADJA	LABIOD MEDJADJA	2
2647	البرواقية	BERROUAGHIA	BERROUAGHIA	26
3215	كراكدة	KRAKDA	KRAKDA	32
2947	السهايلية	SEHAILIA	SEHAILIA	29
558	لازرو	LAZROU	LAZROU	5
2121	بني ولبان	BENI OULBANE	BENI OULBANE	21
712	مشونش	M'CHOUNECHE	M'CHOUNECHE	7
423	وادي نيني	OUED NINI	OUED NINI	4
1820	القنار نشفي	EL KENNAR NOUCHFI	EL KENNAR NOUCHFI	18
4322	اعميرة اراس	AMIRA ARRES	AMIRA ARRES	43
1618	القبة	KOUBA	KOUBA	16
1511	تيزي غنيف	TIZI-GHENIFF	TIZI-GHENIFF	15
819	القصابي	KSABI	KSABI	8
2419	حمام دباغ	HAMMAM DEBAGH	HAMMAM DEBAGH	24
1203	الشريعة	CHERIA	CHERIA	12
2250	رجم دموش	REDJEM DEMOUCHE	REDJEM DEMOUCHE	22
2003	عين الحجر	AIN EL HADJAR	AIN EL HADJAR	20
3811	خميستي	KHEMISTI	KHEMISTI	38
205	تاجنة	TADJENA	TADJENA	2
1505	صوامـــع	SOUAMA	SOUAMA	15
2711	خير الدين	KHEIR-EDDINE	KHEIR-EDDINE	27
2602	وزرة	OUZERA	OUZERA	26
3920	ورماس	OURMES	OURMES	39
3102	قديل	GDYEL	GDYEL	31
506	منعة	MENAA	MENAA	5
3206	بوعلام	BOUALEM	BOUALEM	32
4601	عين تموشنت	AIN TEMOUCHENT	AIN TEMOUCHENT	46
214	تلعصة	TALASSA	TALASSA	2
4323	ترعي باينان	TERRAI BAINEN	TERRAI BAINEN	43
1210	بئر مقدم	BIR MOKKADEM	BIR MOKKADEM	12
2726	أولاد مع الله	OULED-MAALAH	OULED-MAALAH	27
2707	عين تادلس	AIN-TEDLES	AIN-TEDLES	27
4009	الولجة	EL OUELDJA	EL OUELDJA	40
3820	سيدي سليمان	SIDI SLIMANE	SIDI SLIMANE	38
2614	سيدي زيان	SIDI ZIANE	SIDI ZIANE	26
1021	الخبوزية	EL KHABOUZIA	EL KHABOUZIA	10
3407	الياشير	EL ACHIR	EL ACHIR	34
1412	ملاكو	MELLAKOU	MELLAKOU	14
204	الكريمية	EL KARIMIA	EL KARIMIA	2
4326	مشيرة	EL MECHIRA	EL MECHIRA	43
2827	الهامل	EL HAMEL	EL HAMEL	28
1808	الشحنة	CHAHNA	CHAHNA	18
4015	انسيغة	ENSIGHA	ENSIGHA	40
2845	بني يلمان	BENI ILMANE	BENI ILMANE	28
805	تيمودي	TIMOUDI	TIMOUDI	8
3432	غيلاسة	GHAILASA	GHAILASA	34
318	تاجرونة	TADJROUNA	TADJROUNA	3
627	تازمالت	TAZMALT	TAZMALT	6
1344	هنين	HONNAINE	HONNAINE	13
3207	الأبيض سيدي الشيخ	EL ABIODH SIDI CHEIKH	EL ABIODH SIDI CHEIKH	32
1805	الطاهير	TAHER	TAHER	18
502	غسيرة	GHASSIRA	GHASSIRA	5
4221	سيدي غيلاس	SIDI GHILES	SIDI GHILES	42
2209	بضرابين المقراني	BEDRABINE EL MOKRANI	BEDRABINE EL MOKRANI	22
1339	مرسى بن مهيدي	MARSA BEN M'HIDI	MARSA BEN M'HIDI	13
3905	النخلة	NAKHLA	NAKHLA	39
2727	مزغران	MAZAGRAN	MAZAGRAN	27
2103	الحدائق	EL HADAIEK	EL HADAIEK	21
402	عين البيضاء	AIN BEIDA	AIN BEIDA	4
2837	عين فارس	AIN FARES	AIN FARES	28
2014	أولاد إبراهيم	OULED BRAHIM	OULED BRAHIM	20
904	وادي العلايق	OUED EL ALLEUG	OUED EL ALLEUG	9
2934	الغمري	EL GHOMRI	EL GHOMRI	29
1818	سلمى بن زيادة	SELMA BENZIADA	SELMA BENZIADA	18
4836	الولجة	EL OULDJA	EL OULDJA	48
420	أولاد زواي	OULED ZOUAI	OULED ZOUAI	4
3623	حمام بني صالح	HAMMAM BENI SALAH	HAMMAM BENI SALAH	36
2922	وادي التاغية	OUED TARIA	OUED TARIA	29
2016	عين السلطان	AIN SOLTANE	AIN SOLTANE	20
2305	البوني	EL BOUNI	EL BOUNI	23
3602	بوحجار	BOUHADJAR	BOUHADJAR	36
2215	عين الثريد	AIN THRID	AIN THRID	22
1541	إيفيغاء	IFIGHA	IFIGHA	15
2308	سرايدي	SERAIDI	SERAIDI	23
815	بوكايس	BOUKAIS	BOUKAIS	8
2812	برهوم	BERHOUM	BERHOUM	28
605	شلاطة	CHELLATA	CHELLATA	6
429	الحرملية	EL HARMILIA	EL HARMILIA	4
2731	الطواهرية	TOUAHRIA	TOUAHRIA	27
507	المعذر	EL MADHER	EL MADHER	5
314	الغيشة	EL GHICHA	EL GHICHA	3
4401	عين الدفلى	AIN-DEFLA	AIN-DEFLA	44
2831	بوطي السايح	BOUTI SAYEH	BOUTI SAYEH	28
1516	بنــــي زمنزار	BENI ZMENZER	BENI ZMENZER	15
1934	بئر حدادة	BIR HADDADA	BIR HADDADA	19
1440	بوقرة	BOUGARA	BOUGARA	14
2706	حاسي ماماش	HASSI MAMECHE	HASSI MAMECHE	27
2413	عين مخلوف	AIN MAKHLOUF	AIN MAKHLOUF	24
1429	قصر الشلالة	KSAR CHELLALA	KSAR CHELLALA	14
503	معافة	MAAFA	MAAFA	5
1010	روراوة	RAOURAOUA	RAOURAOUA	10
2603	أولاد امعرف	OULED EMAARAF	OULED EMAARAF	26
3011	سيدي خويلد	SIDI KHOUILED	SIDI KHOUILED	30
123	أوقروت	AOUGROUT	AOUGROUT	1
2213	تلموني	TILMOUNI	TILMOUNI	22
4502	المشرية	MECHERIA	MECHERIA	45
555	إمدوكل	M DOUKAL	M DOUKAL	5
106	تيت	TIT	TIT	1
608	سوق لإثنين	SOUK EL TENINE	SOUK EL TENINE	6
617	إغيل علي	IGHIL-ALI	IGHIL-ALI	6
3117	الكرمة	EL KERMA	EL KERMA	31
1304	الرمشي	REMCHI	REMCHI	13
3526	سوق الحد	SOUK EL HAD	SOUK EL HAD	35
2659	بوعيشون	BOUAICHOUNE	BOUAICHOUNE	26
4604	حمام بوحجر	HAMMAM BOU HADJAR	HAMMAM BOU HADJAR	46
3101	وهران	ORAN	ORAN	31
561	لارباع	LARBAA	LARBAA	5
4018	مصارة	M'SARA	M'SARA	40
4620	حاسي الغلة	HASSI EL GHELLA	HASSI EL GHELLA	46
1601	الجزائر الوسطى	ALGER CENTRE	ALGER CENTRE	16
2408	رأس العقبة	RAS EL AGBA	RAS EL AGBA	24
4327	سيدي خليفة	SIDI KHELIFA	SIDI KHELIFA	43
405	العامرية	EL AMIRIA	EL AMIRIA	4
3214	شلالة	CHELLALA	CHELLALA	32
2006	يوب	YOUB	YOUB	20
2704	ستيدية	STIDIA	STIDIA	27
2822	سيدي عامر	SIDI AMEUR	SIDI AMEUR	28
4613	عقب الليل	AOUBELLIL	AOUBELLIL	46
731	الغروس	EL GHROUS	EL GHROUS	7
3402	رأس الوادي	RAS EL OUED	RAS EL OUED	34
1944	بني فودة	BENI FOUDA	BENI FOUDA	19
2231	وادي تاوريرة	OUED TAOURIRA	OUED TAOURIRA	22
2702	صيادة	SAYADA	SAYADA	27
2653	الحوضان	EL HAOUDANE	EL HAOUDANE	26
2803	حمام الضلعة	HAMMAM DALAA	HAMMAM DALAA	28
4201	تيبازة	TIPAZA	TIPAZA	42
3908	الرقيبة	REGUIBA	REGUIBA	39
551	رأس العيون	RAS EL AIOUN	RAS EL AIOUN	5
1533	إيلـيــلتـن	ILLILTEN	ILLILTEN	15
2939	المأمونية	EL MAMOUNIA	EL MAMOUNIA	29
1650	الرحمانية	RAHMANIA	RAHMANIA	16
1020	الحاكمية	EL-HAKIMIA	EL-HAKIMIA	10
4405	حمام ريغة	HAMMAM-RIGHA	HAMMAM-RIGHA	44
3217	الشقيق	CHEGUIG	CHEGUIG	32
2645	ثلاث دوائر	TLETAT ED DOUAIR	TLETAT ED DOUAIR	26
3604	بوقوس	BOUGOUS	BOUGOUS	36
4107	الزعرورية	ZAAROURIA	ZAAROURIA	41
917	الأربعاء	LARBAA	LARBAA	9
1707	فيض البطمة	FAIDH EL BOTMA	FAIDH EL BOTMA	17
631	تاسكريوت	TASKRIOUT	TASKRIOUT	6
1301	تلمسان	TLEMCEN	TLEMCEN	13
1101	تمنراست	TAMANRASSET	TAMANRASSET	11
1939	صالح باي	SALAH BEY	SALAH BEY	19
1616	بوروبة	BOUROUBA	BOUROUBA	16
2728	عين بودينار	AIN-BOUDINAR	AIN-BOUDINAR	27
1653	سطاوالي	STAOUELI	STAOUELI	16
2618	شلالة العذاورة	CHELALET EL ADHAOURA	CHELALET EL ADHAOURA	26
711	سيدي عقبة	SIDI OKBA	SIDI OKBA	7
1630	برج الكيفان	BORDJ EL KIFFAN	BORDJ EL KIFFAN	16
1614	براقي	BARAKI	BARAKI	16
1548	واسيف	OUACIF	OUACIF	15
2712	سيدي علي	SIDI ALI	SIDI ALI	27
4429	جمعة أولاد الشيخ	DJEMAA OULED CHEIKH	DJEMAA OULED CHEIKH	44
3107	بطيوة	BETHIOUA	BETHIOUA	31
307	عين ماضي	AIN MADHI	AIN MADHI	3
1441	الفايجة	FAIDJA	FAIDJA	14
4412	جندل	DJENDEL	DJENDEL	44
2220	حاسي زهانة	HASSI ZAHANA	HASSI ZAHANA	22
2434	جبالة الخميسي	DJEBALLAH KHEMISSI	DJEBALLAH KHEMISSI	24
513	جرمة	DJERMA	DJERMA	5
2823	تامسة	TAMSA	TAMSA	28
2247	شيطوان البلايلة	CHETOUANE BELAILA	CHETOUANE BELAILA	22
1827	أولاد رابح	OULED RABAH	OULED RABAH	18
1207	صفصاف الوسرى	SAF SAF EL OUESRA	SAF SAF EL OUESRA	12
1627	المرادية	EL MOURADIA	EL MOURADIA	16
3605	القالة	EL KALA	EL KALA	36
3433	الرابطة	RABTA	RABTA	34
4503	عين الصفراء	AIN SEFRA	AIN SEFRA	45
1414	الرحوية	RAHOUIA	RAHOUIA	14
706	رأس الميعاد	RAS EL MIAD	RAS EL MIAD	7
2416	بني مزلين	BENI MEZLINE	BENI MEZLINE	24
1937	أوريسيا	EL OURICIA	EL OURICIA	19
3017	بن ناصر	BENACEUR	BENACEUR	30
1802	أراقن سويسي	ERRAGUENE SOUISSI	ERRAGUENE SOUISSI	18
3213	بوسمغون	BOUSSEMGHOUN	BOUSSEMGHOUN	32
911	الصومعة	SOUMAA	SOUMAA	9
3410	سيدي أمبارك	SIDI-EMBAREK	SIDI-EMBAREK	34
924	عين الرمانة	AIN ROMANA	AIN ROMANA	9
1607	القصبة	CASBAH	CASBAH	16
1551	تيزي نثلاثة	TIZI N'TLETA	TIZI N'TLETA	15
1735	عين فقه	AIN FEKKA	AIN FEKKA	17
649	تيزي نبربر	TIZI-N'BERBER	TIZI-N'BERBER	6
3922	المرارة	M'RARA	M'RARA	39
1817	جيملة	DJIMLA	DJIMLA	18
3424	تفرق	Tefreg	Tefreg	34
4307	وادي سقان	OUED SEGUEN	OUED SEGUEN	43
2128	أم الطوب	OUM TOUB	OUM TOUB	21
1654	العاشور	EL ACHOUR	EL ACHOUR	16
4713	المنصورة	MANSOURA	MANSOURA	47
3121	حاسي مفسوخ	HASSI MEFSOUKH	HASSI MEFSOUKH	31
4607	أغلال	AGHLAL	AGHLAL	46
511	إينوغيسن	INOUGHISSEN	INOUGHISSEN	5
1559	سيدي نعمان	SIDI NAMANE	SIDI NAMANE	15
1350	شتوان	CHETOUANE	CHETOUANE	13
2940	القرط	EL KEURT	EL KEURT	29
520	أولاد سلام	OULED SELLEM	OULED SELLEM	5
648	بوخليفة	BOUKHELIFA	BOUKHELIFA	6
3617	عصفور	ASFOUR	ASFOUR	36
1014	معلة	MAALA	MAALA	10
4804	سيدي سعادة	SIDI SAADA	SIDI SAADA	48
2636	العزيزية	EL AZIZIA	EL AZIZIA	26
2242	بلعربي	BELARBI	BELARBI	22
2821	أولاد سيدي ابراهيم	OULED SIDI BRAHIM	OULED SIDI BRAHIM	28
4424	سيدي الأخضر	SIDI-LAKHDAR	SIDI-LAKHDAR	44
1106	تاظروك	TAZROUK	TAZROUK	11
3010	سيدي سليمان	SIDI SLIMANE	SIDI SLIMANE	30
2306	واد العنب	OUED EL ANEB	OUED EL ANEB	23
1901	سطيف	SETIF	SETIF	19
1517	إفــرحــونان	IFERHOUNENE	IFERHOUNENE	15
3817	المعاصم	MAACEM	MAACEM	38
4208	حجوط	HADJOUT	HADJOUT	42
4113	أولاد مومن	OULED MOUMEN	OULED MOUMEN	41
3020	العالية	EL ALIA	EL ALIA	30
2303	الحجار	EL HADJAR	EL HADJAR	23
1956	قلتة زرقاء	GUELTA ZERKA	GUELTA ZERKA	19
2216	مكدرة	MAKEDRA	MAKEDRA	22
403	عين مليلة	AIN M'LILA	AIN M'LILA	4
4615	سيدي بومدين	SIDI BOUMEDIENE	SIDI BOUMEDIENE	46
4316	تسالة لمطاعي	TASSALA LEMATAI	TASSALA LEMATAI	43
3106	أرزيو	ARZEW	ARZEW	31
2842	امجدل	MEDJEDEL	MEDJEDEL	28
1605	باب الوادي	BAB EL OUED	BAB EL OUED	16
908	الشفة	CHIFFA	CHIFFA	9
4509	عين بن خليل	AIN BEN KHELIL	AIN BEN KHELIL	45
1724	أم العظام	OUM LAADHAM	OUM LAADHAM	17
2703	فرناقة	FORNAKA	FORNAKA	27
1712	سيدي بايزيد	SIDI BAIZID	SIDI BAIZID	17
3902	الرباح	ROBBAH	ROBBAH	39
4119	ويلان	OUILLEN	OUILLEN	41
2904	حسين	HACINE	HACINE	29
2825	أولاد سليمان	OULED SLIMANE	OULED SLIMANE	28
1560	إبودرارن	IBOUDRARENE	IBOUDRARENE	15
2725	أولاد بوغالم	OULED BOUGHALEM	OULED BOUGHALEM	27
4824	عين الرحمة	AIN RAHMA	AIN RAHMA	48
2214	سيدي لحسن	SIDI LAHCENE	SIDI LAHCENE	22
710	الشعيبة	CHAIBA	CHAIBA	7
3403	برج زمورة	Bordj Zemmoura	Bordj Zemmoura	34
2903	تيزي	TIZI	TIZI	29
4303	شلغوم العيد	CHELGHOUM LAID	CHELGHOUM LAID	43
4204	دواودة	DOUAOUDA	DOUAOUDA	42
3508	جنات	DJINET	DJINET	35
1922	بني ورتيلان	BENI OURTILANE	BENI OURTILANE	19
1913	عين لقراج	AIN-LEGRADJ	AIN-LEGRADJ	19
2101	سكيكدة	SKIKDA	SKIKDA	21
719	الوطاية	EL OUTAYA	EL OUTAYA	7
4001	خنشلة	KHENCHELA	KHENCHELA	40
2906	تيغنيف	TIGHENNIF	TIGHENNIF	29
1645	السحاولة	SEHAOULA	SEHAOULA	16
2015	تيرسين	TIRCINE	TIRCINE	20
4021	شلية	CHELIA	CHELIA	40
3801	تيسمسيلت	TISSEMSILT	TISSEMSILT	38
2302	برحال	BERRAHAL	BERRAHAL	23
4501	النعامة	NAAMA	NAAMA	45
1804	زيامة منصورية	ZIAMA MANSOURIAH	ZIAMA MANSOURIAH	18
1201	تبسة	TEBESSA	TEBESSA	12
1942	تالة إيفاسن	TALA-IFACENE	TALA-IFACENE	19
3822	بني لحسن	BENI LAHCENE	BENI LAHCENE	38
3512	تيجلابين	TIDJELABINE	TIDJELABINE	35
1615	وادي السمار	OUED SMAR	OUED SMAR	16
4835	بن داود	BENDAOUD	BENDAOUD	48
2432	عين رقادة	AIN REGADA	AIN REGADA	24
816	موغل	MOGHEUL	MOGHEUL	8
4834	حد الشكالة	HAD ECHKALLA	HAD ECHKALLA	48
2009	سيدي بوبكر	SIDI BOUBEKEUR	SIDI BOUBEKEUR	20
1720	حد الصحاري	HAD SAHARY	HAD SAHARY	17
3909	الحمراية	HAMRAIA	HAMRAIA	39
107	قصر قدور	KSAR KADDOUR	KSAR KADDOUR	1
705	أولاد جلال	OULED DJELLAL	OULED DJELLAL	7
1715	دويس	DOUIS	DOUIS	17
811	إقلي	IGLI	IGLI	8
2802	المعاضيد	MAADID	MAADID	28
4004	بغاي	BAGHAI	BAGHAI	40
1346	أولاد رياح	OULED RIYAH	OULED RIYAH	13
1017	شرفة	CHORFA	CHORFA	10
2207	بوخنفيس	BOUKHANEFIS	BOUKHANEFIS	22
3418	أولاد دحمان	OULED DAHMANE	OULED DAHMANE	34
1437	تخمرت	TAKHEMARET	TAKHEMARET	14
3114	بوفاتيس	BOUFATIS	BOUFATIS	31
2843	سليم	SLIM	SLIM	28
4328	زغاية	ZEGHAIA	ZEGHAIA	43
1927	عموشة	AMOUCHA	AMOUCHA	19
1632	بني مسوس	BENI MESSOUS	BENI MESSOUS	16
1554	إفليـــسن	IFLISSEN	IFLISSEN	15
234	بريرة	BREIRA	BREIRA	2
1227	المزرعة	EL MEZERAA	EL MEZERAA	12
3120	بن فريحة	BEN FREHA	BEN FREHA	31
650	بني معوش	BENIMAOUCHE	BENIMAOUCHE	6
3506	سيدي داود	SIDI DAOUD	SIDI DAOUD	35
3112	طفراوي	TAFRAOUI	TAFRAOUI	31
810	القنادسة	KENADSA	KENADSA	8
220	الزبوجة	ZEBOUDJA	ZEBOUDJA	2
2925	عين أفرص	AIN FRASS	AIN FRASS	29
2838	سيدي امحمد	SIDI M'HAMED	SIDI M'HAMED	28
1401	تيارت	TIARET	TIARET	14
1655	سويدانية	SOUIDANIA	SOUIDANIA	16
3520	تاورقة	TAOURGA	TAOURGA	35
105	إن زغمير	IN ZGHMIR	IN ZGHMIR	1
1353	عين الكبيرة	AIN KEBIRA	AIN KEBIRA	13
4701	غرداية	GHARDAIA	GHARDAIA	47
1331	عين فتاح	AIN FETAH	AIN FETAH	13
1719	سيدي لعجال	SIDI LAADJEL	SIDI LAADJEL	17
2221	طابية	TABIA	TABIA	22
4414	عين الاشياخ	AIN-LECHIAKH	AIN-LECHIAKH	44
3525	بني عمران	BENI AMRANE	BENI AMRANE	35
550	تيمقاد	TIMGAD	TIMGAD	5
3923	سيدي خليل	SIDI KHELIL	SIDI KHELIL	39
602	أميزور	AMIZOUR	AMIZOUR	6
